--
-- PostgreSQL database dump
--

-- Dumped from database version 11.4
-- Dumped by pg_dump version 11.4

-- Started on 2019-07-04 15:11:27 +11

--
-- TOC entry 203 (class 1259 OID 16944)
-- Name: buy; Type: TABLE; Schema: public; Owner: -
--

CREATE TABLE public.buy (
    pid integer,
    sid integer,
    cid integer,
    deleveryadress character varying(150),
    qty integer,
    datecde date
);


--
-- TOC entry 199 (class 1259 OID 16931)
-- Name: client; Type: TABLE; Schema: public; Owner: -
--

CREATE TABLE public.client (
    cid integer,
    name character varying(50)
);


--
-- TOC entry 200 (class 1259 OID 16934)
-- Name: inventory; Type: TABLE; Schema: public; Owner: -
--

CREATE TABLE public.inventory (
    pid integer,
    stock integer
);


--
-- TOC entry 197 (class 1259 OID 16911)
-- Name: manufacturer; Type: TABLE; Schema: public; Owner: -
--

CREATE TABLE public.manufacturer (
    mid integer,
    name character varying(30),
    address character varying(50)
);


--
-- TOC entry 201 (class 1259 OID 16937)
-- Name: manufactures; Type: TABLE; Schema: public; Owner: -
--

CREATE TABLE public.manufactures (
    mid integer,
    pid integer
);


--
-- TOC entry 196 (class 1259 OID 16902)
-- Name: product; Type: TABLE; Schema: public; Owner: -
--

CREATE TABLE public.product (
    pid integer NOT NULL,
    name text,
    min_age integer,
    price integer
);


--
-- TOC entry 198 (class 1259 OID 16927)
-- Name: supplier; Type: TABLE; Schema: public; Owner: -
--

CREATE TABLE public.supplier (
    sid integer,
    name character varying(150),
    address character varying(150)
);


--
-- TOC entry 202 (class 1259 OID 16940)
-- Name: supplies; Type: TABLE; Schema: public; Owner: -
--

CREATE TABLE public.supplies (
    sid integer,
    pid integer,
    prices integer
);


--
-- TOC entry 3161 (class 0 OID 16944)
-- Dependencies: 203
-- Data for Name: buy; Type: TABLE DATA; Schema: public; Owner: -
--

INSERT INTO public.buy VALUES (47, 104, 61, '59 Troy Junction, West End, United Kingdom', 2, '2019-01-22');
INSERT INTO public.buy VALUES (1, 178, 206, '7877 Scott Lane, Kawerau, New Zealand', 5, '2018-11-17');
INSERT INTO public.buy VALUES (54, 165, 169, '230 Charing Cross Place, Orsay, France', 2, '2018-09-30');
INSERT INTO public.buy VALUES (54, 70, 155, '992 Shopko Alley, Schirmeck, France', 2, '2018-09-25');
INSERT INTO public.buy VALUES (40, 151, 190, '652 Hovde Center, Orléans, France', 3, '2019-04-26');
INSERT INTO public.buy VALUES (53, 172, 151, '49935 Waubesa Drive, Bernay, France', 3, '2018-09-13');
INSERT INTO public.buy VALUES (64, 100, 232, '19713 Village Green Way, Walton, United Kingdom', 3, '2018-11-28');
INSERT INTO public.buy VALUES (1, 193, 75, '51423 Mcguire Way, Vernon, France', 2, '2019-02-21');
INSERT INTO public.buy VALUES (60, 150, 18, '1 Toban Lane, Briey, France', 2, '2019-05-14');
INSERT INTO public.buy VALUES (35, 35, 150, '974 Hanover Plaza, Levallois-Perret, France', 4, '2019-06-25');
INSERT INTO public.buy VALUES (75, 125, 91, '91752 Northport Pass, Reims, France', 5, '2018-07-17');
INSERT INTO public.buy VALUES (24, 103, 143, '110 Jana Plaza, Bordeaux, France', 1, '2019-01-26');
INSERT INTO public.buy VALUES (28, 6, 45, '7 Forest Run Street, Colmar, France', 2, '2019-01-26');
INSERT INTO public.buy VALUES (46, 113, 263, '916 Warbler Junction, Issoire, France', 5, '2019-01-05');
INSERT INTO public.buy VALUES (100, 182, 273, '43 Vera Place, Bezons, France', 3, '2018-10-07');
INSERT INTO public.buy VALUES (42, 101, 285, '677 Mitchell Hill, Lyon, France', 3, '2019-04-15');
INSERT INTO public.buy VALUES (77, 79, 221, '3905 Colorado Terrace, Meylan, France', 5, '2019-05-09');
INSERT INTO public.buy VALUES (92, 138, 128, '80729 Talisman Lane, Poitiers, France', 4, '2018-10-21');
INSERT INTO public.buy VALUES (15, 148, 179, '63217 Fieldstone Center, Châtillon, France', 6, '2018-11-25');
INSERT INTO public.buy VALUES (1, 145, 92, '009 Wayridge Pass, Roubaix, France', 2, '2019-05-16');
INSERT INTO public.buy VALUES (5, 28, 296, '00180 Hanover Street, La Charité-sur-Loire, France', 3, '2019-01-02');
INSERT INTO public.buy VALUES (61, 104, 103, '40 Fordem Point, Montpellier, France', 5, '2018-11-03');
INSERT INTO public.buy VALUES (21, 138, 140, '292 Sunbrook Terrace, Cavaillon, France', 2, '2018-10-16');
INSERT INTO public.buy VALUES (72, 80, 116, '8 Duke Alley, Nouméa, New Caledonia', 1, '2019-02-25');
INSERT INTO public.buy VALUES (1, 21, 59, '44 Cardinal Court, Saint-Avertin, France', 6, '2019-05-02');
INSERT INTO public.buy VALUES (67, 57, 34, '29698 Delladonna Street, Limoges, France', 4, '2018-11-03');
INSERT INTO public.buy VALUES (47, 11, 102, '338 Londonderry Avenue, Cergy-Pontoise, France', 6, '2018-10-02');
INSERT INTO public.buy VALUES (62, 66, 24, '69 Huxley Parkway, Auch, France', 4, '2018-11-02');
INSERT INTO public.buy VALUES (17, 77, 73, '55738 Corben Plaza, Amiens, France', 6, '2018-12-19');
INSERT INTO public.buy VALUES (74, 98, 242, '920 Waubesa Street, Paris 12, France', 4, '2018-10-05');
INSERT INTO public.buy VALUES (93, 52, 233, '8203 Eagan Park, Paris La Défense, France', 4, '2019-03-26');
INSERT INTO public.buy VALUES (74, 15, 265, '2 Westport Hill, Brest, France', 1, '2018-10-14');
INSERT INTO public.buy VALUES (90, 50, 267, '951 High Crossing Place, Mende, France', 5, '2018-12-14');
INSERT INTO public.buy VALUES (8, 23, 292, '8670 Hermina Way, Saint-Fargeau-Ponthierry, France', 6, '2019-06-22');
INSERT INTO public.buy VALUES (12, 154, 292, '68999 Hoard Circle, Paris 14, France', 6, '2018-08-23');
INSERT INTO public.buy VALUES (60, 75, 276, '8056 Everett Hill, Taipa, New Zealand', 5, '2019-02-19');
INSERT INTO public.buy VALUES (45, 129, 240, '2960 Birchwood Road, Montfort-sur-Meu, France', 6, '2019-05-18');
INSERT INTO public.buy VALUES (69, 45, 275, '65035 Roxbury Pass, Vélizy-Villacoublay, France', 6, '2018-12-21');
INSERT INTO public.buy VALUES (57, 78, 124, '642 Muir Center, Caen, France', 2, '2019-05-25');
INSERT INTO public.buy VALUES (69, 194, 201, '9 Leroy Court, Montpellier, France', 1, '2018-11-05');
INSERT INTO public.buy VALUES (4, 3, 110, '742 Schlimgen Drive, Vélizy-Villacoublay, France', 3, '2018-11-12');
INSERT INTO public.buy VALUES (89, 189, 122, '104 Claremont Road, Saumur, France', 1, '2018-10-06');
INSERT INTO public.buy VALUES (89, 25, 185, '207 Clemons Court, Whitchurch, United Kingdom', 4, '2018-07-11');
INSERT INTO public.buy VALUES (100, 118, 259, '947 Bartelt Drive, Le Mans, France', 6, '2018-09-02');
INSERT INTO public.buy VALUES (52, 182, 178, '958 Ridgeview Way, Issoire, France', 6, '2018-08-16');
INSERT INTO public.buy VALUES (98, 8, 217, '20 Waywood Crossing, Arras, France', 5, '2019-03-23');
INSERT INTO public.buy VALUES (8, 93, 188, '89841 Forest Run Hill, Challans, France', 4, '2019-04-27');
INSERT INTO public.buy VALUES (45, 182, 157, '926 Golf Lane, Metz, France', 5, '2018-11-09');
INSERT INTO public.buy VALUES (33, 73, 49, '96585 Debs Park, Lyon, France', 2, '2019-02-28');
INSERT INTO public.buy VALUES (96, 155, 86, '0035 International Place, Le Havre, France', 2, '2019-06-29');
INSERT INTO public.buy VALUES (27, 76, 101, '9 Lillian Plaza, Wootton, United Kingdom', 1, '2018-09-23');
INSERT INTO public.buy VALUES (59, 59, 92, '5993 Thompson Pass, Poitiers, France', 5, '2018-07-15');
INSERT INTO public.buy VALUES (29, 154, 276, '82438 Talmadge Terrace, Paris 09, France', 1, '2019-05-19');
INSERT INTO public.buy VALUES (89, 62, 53, '328 Mitchell Place, Adelaide, Australia', 4, '2018-07-08');
INSERT INTO public.buy VALUES (35, 130, 136, '7971 Straubel Trail, La Roche-sur-Yon, France', 1, '2018-12-20');
INSERT INTO public.buy VALUES (1, 87, 295, '0 Troy Hill, Nîmes, France', 2, '2018-12-31');
INSERT INTO public.buy VALUES (21, 111, 66, '2028 Independence Street, Meylan, France', 4, '2019-06-29');
INSERT INTO public.buy VALUES (34, 35, 214, '7 Carberry Road, Metz, France', 6, '2019-03-14');
INSERT INTO public.buy VALUES (14, 156, 173, '12529 Lake View Junction, Pau, France', 4, '2018-10-22');
INSERT INTO public.buy VALUES (33, 139, 158, '07154 Loftsgordon Terrace, Taradale, New Zealand', 6, '2018-12-09');
INSERT INTO public.buy VALUES (33, 132, 73, '64281 Thierer Street, Wirral, United Kingdom', 1, '2018-11-23');
INSERT INTO public.buy VALUES (71, 174, 123, '18 Pierstorff Hill, Cernay, France', 3, '2019-06-03');
INSERT INTO public.buy VALUES (19, 3, 183, '2258 Northland Alley, Brest, France', 5, '2019-06-10');
INSERT INTO public.buy VALUES (6, 7, 222, '1 Chive Pass, Nouméa, New Caledonia', 5, '2019-04-29');
INSERT INTO public.buy VALUES (77, 92, 234, '59 Monica Circle, Charleville-Mézières, France', 3, '2018-09-26');
INSERT INTO public.buy VALUES (6, 26, 4, '1 Blaine Trail, Nice, France', 1, '2019-01-12');
INSERT INTO public.buy VALUES (81, 138, 122, '056 Sauthoff Plaza, Châtillon, France', 2, '2019-01-11');
INSERT INTO public.buy VALUES (5, 121, 99, '25953 Surrey Drive, Brest, France', 2, '2019-04-02');
INSERT INTO public.buy VALUES (56, 169, 132, '6822 Vermont Center, Ngaruawahia, New Zealand', 1, '2019-05-14');
INSERT INTO public.buy VALUES (77, 132, 251, '496 Hallows Pass, Carpentras, France', 4, '2018-09-03');
INSERT INTO public.buy VALUES (42, 50, 113, '25 Steensland Court, Mende, France', 2, '2019-05-18');
INSERT INTO public.buy VALUES (66, 139, 8, '01516 Vermont Court, Le Havre, France', 3, '2018-07-31');
INSERT INTO public.buy VALUES (96, 58, 70, '9 Mcbride Crossing, Châteauroux, France', 6, '2018-10-31');
INSERT INTO public.buy VALUES (51, 104, 163, '348 American Street, Invercargill, New Zealand', 2, '2018-07-16');
INSERT INTO public.buy VALUES (16, 153, 131, '4 Burrows Avenue, Lyon, France', 5, '2019-06-25');
INSERT INTO public.buy VALUES (15, 142, 13, '6 Burning Wood Parkway, Chantilly, France', 4, '2018-11-11');
INSERT INTO public.buy VALUES (94, 95, 152, '77121 Pleasure Lane, Bonneville, France', 2, '2018-10-22');
INSERT INTO public.buy VALUES (1, 113, 147, '268 Eggendart Terrace, La Charité-sur-Loire, France', 2, '2019-06-15');
INSERT INTO public.buy VALUES (22, 159, 5, '8179 Fair Oaks Lane, Marly-le-Roi, France', 5, '2019-06-28');
INSERT INTO public.buy VALUES (37, 144, 8, '552 Farragut Alley, Arras, France', 2, '2018-10-20');
INSERT INTO public.buy VALUES (63, 121, 98, '2664 Mendota Place, Vedène, France', 1, '2018-10-10');
INSERT INTO public.buy VALUES (91, 54, 289, '7921 Manitowish Lane, Nuits-Saint-Georges, France', 1, '2018-10-16');
INSERT INTO public.buy VALUES (16, 78, 124, '29698 Delladonna Street, Limoges, France', 4, '2019-03-29');
INSERT INTO public.buy VALUES (95, 155, 121, '5 Mayfield Park, Rennes, France', 1, '2018-10-03');
INSERT INTO public.buy VALUES (26, 89, 119, '4630 Debs Alley, Marne-la-Vallée, France', 4, '2019-05-27');
INSERT INTO public.buy VALUES (77, 127, 194, '60 Merry Center, Orange, France', 2, '2019-03-23');
INSERT INTO public.buy VALUES (87, 152, 234, '2 Jana Avenue, Orsay, France', 3, '2019-02-01');
INSERT INTO public.buy VALUES (7, 8, 7, '3 Sullivan Plaza, Bordeaux, France', 1, '2019-05-06');
INSERT INTO public.buy VALUES (60, 77, 217, '05892 Debs Junction, Périgueux, France', 4, '2019-03-17');
INSERT INTO public.buy VALUES (14, 21, 247, '64281 Thierer Street, Wirral, United Kingdom', 1, '2018-09-10');
INSERT INTO public.buy VALUES (14, 89, 140, '02377 Harbort Trail, Cergy-Pontoise, France', 6, '2019-01-29');
INSERT INTO public.buy VALUES (74, 199, 297, '0810 Upham Hill, Rennes, France', 4, '2018-11-30');
INSERT INTO public.buy VALUES (40, 117, 259, '77121 Pleasure Lane, Bonneville, France', 6, '2018-10-13');
INSERT INTO public.buy VALUES (55, 111, 289, '0434 Thompson Crossing, Noyal-sur-Vilaine, France', 1, '2019-01-19');
INSERT INTO public.buy VALUES (1, 153, 177, '0810 Upham Hill, Rennes, France', 2, '2018-12-19');
INSERT INTO public.buy VALUES (32, 100, 90, '83 Commercial Road, Caen, France', 6, '2018-09-01');
INSERT INTO public.buy VALUES (7, 130, 79, '3804 Dwight Road, Adelaide Mail Centre, Australia', 4, '2019-01-30');
INSERT INTO public.buy VALUES (13, 147, 267, '96585 Debs Park, Lyon, France', 3, '2018-09-05');
INSERT INTO public.buy VALUES (34, 113, 45, '9 Dahle Lane, Châlons-en-Champagne, France', 2, '2018-07-21');
INSERT INTO public.buy VALUES (71, 102, 247, '79 Moulton Court, La Chapelle-sur-Erdre, France', 6, '2019-06-27');
INSERT INTO public.buy VALUES (97, 45, 9, '51 Walton Park, Paris 16, France', 1, '2018-12-06');
INSERT INTO public.buy VALUES (59, 16, 269, '344 Laurel Junction, Pukekohe East, New Zealand', 3, '2018-09-09');
INSERT INTO public.buy VALUES (82, 97, 84, '44738 Vera Center, Belfort, France', 3, '2018-07-06');
INSERT INTO public.buy VALUES (76, 55, 231, '128 Bowman Way, Montargis, France', 6, '2019-03-31');
INSERT INTO public.buy VALUES (13, 142, 281, '312 Knutson Parkway, Pouébo, New Caledonia', 2, '2019-06-14');
INSERT INTO public.buy VALUES (88, 114, 213, '17 Pond Court, West End, United Kingdom', 3, '2019-05-10');
INSERT INTO public.buy VALUES (50, 152, 279, '217 Amoth Crossing, Lower Hutt, New Zealand', 2, '2018-08-01');
INSERT INTO public.buy VALUES (84, 65, 73, '82788 Vermont Lane, Vitrolles, France', 5, '2019-01-02');
INSERT INTO public.buy VALUES (83, 134, 223, '8 Veith Center, Juvisy-sur-Orge, France', 2, '2019-01-14');
INSERT INTO public.buy VALUES (66, 59, 231, '73842 Lyons Court, Eastern Suburbs Mc, Australia', 5, '2019-02-20');
INSERT INTO public.buy VALUES (12, 22, 36, '2 Westport Hill, Brest, France', 4, '2018-08-08');
INSERT INTO public.buy VALUES (40, 76, 215, '1379 Eastlawn Hill, Bondy, France', 6, '2019-02-22');
INSERT INTO public.buy VALUES (28, 18, 90, '4 La Follette Drive, Courtaboeuf, France', 6, '2019-03-22');
INSERT INTO public.buy VALUES (57, 10, 98, '641 Elka Point, Savigny-le-Temple, France', 1, '2018-12-25');
INSERT INTO public.buy VALUES (1, 97, 161, '5 Evergreen Center, Romans-sur-Isère, France', 5, '2018-08-26');
INSERT INTO public.buy VALUES (50, 171, 229, '4 Miller Way, Valence, France', 3, '2018-11-12');
INSERT INTO public.buy VALUES (62, 190, 77, '1978 Fisk Trail, Golbey, France', 1, '2019-02-08');
INSERT INTO public.buy VALUES (47, 23, 12, '0753 Monica Pass, Le Havre, France', 6, '2018-11-04');
INSERT INTO public.buy VALUES (31, 161, 163, '6362 Rowland Drive, Puteaux, France', 4, '2018-11-12');
INSERT INTO public.buy VALUES (66, 34, 112, '720 Forest Dale Crossing, Villefranche-sur-Mer, France', 4, '2018-09-09');
INSERT INTO public.buy VALUES (27, 28, 258, '9 Walton Park, Papatowai, New Zealand', 5, '2018-07-06');
INSERT INTO public.buy VALUES (100, 158, 143, '19713 Village Green Way, Walton, United Kingdom', 2, '2018-10-13');
INSERT INTO public.buy VALUES (29, 88, 261, '3 Crescent Oaks Crossing, Barr, France', 2, '2018-07-02');
INSERT INTO public.buy VALUES (90, 91, 116, '0810 Upham Hill, Rennes, France', 3, '2018-12-05');
INSERT INTO public.buy VALUES (22, 121, 113, '9178 Swallow Circle, Paris 17, France', 4, '2018-09-20');
INSERT INTO public.buy VALUES (19, 165, 5, '552 Farragut Alley, Arras, France', 2, '2018-09-02');
INSERT INTO public.buy VALUES (99, 12, 226, '16366 Lakewood Pass, Bordeaux, France', 4, '2018-08-26');
INSERT INTO public.buy VALUES (42, 31, 176, '992 Shopko Alley, Schirmeck, France', 6, '2019-02-26');
INSERT INTO public.buy VALUES (100, 193, 78, '74697 Fair Oaks Crossing, Béthune, France', 4, '2019-04-03');
INSERT INTO public.buy VALUES (67, 118, 25, '360 Scott Circle, Mulhouse, France', 5, '2018-11-03');
INSERT INTO public.buy VALUES (25, 141, 281, '30033 Drewry Point, Bezons, France', 6, '2018-09-19');
INSERT INTO public.buy VALUES (47, 65, 174, '9 Kings Drive, Poissy, France', 3, '2019-03-06');
INSERT INTO public.buy VALUES (87, 35, 212, '45217 Oakridge Parkway, Paris 01, France', 2, '2019-03-28');
INSERT INTO public.buy VALUES (27, 88, 254, '90 Kipling Road, Labège, France', 5, '2018-09-01');
INSERT INTO public.buy VALUES (97, 1, 42, '382 Killdeer Road, Bulls, New Zealand', 4, '2019-02-26');
INSERT INTO public.buy VALUES (5, 117, 79, '8839 Nancy Terrace, Denton, United Kingdom', 3, '2018-12-04');
INSERT INTO public.buy VALUES (46, 26, 258, '8 2nd Street, Montpellier, France', 2, '2018-10-20');
INSERT INTO public.buy VALUES (96, 41, 201, '18 Muir Circle, La Rochelle, France', 4, '2019-03-25');
INSERT INTO public.buy VALUES (58, 142, 146, '47767 Packers Parkway, Carcassonne, France', 5, '2018-07-22');
INSERT INTO public.buy VALUES (43, 108, 182, '1 Tennessee Avenue, Marseille, France', 1, '2018-10-10');
INSERT INTO public.buy VALUES (34, 47, 138, '6532 Monterey Lane, Walton, United Kingdom', 2, '2018-12-19');
INSERT INTO public.buy VALUES (67, 170, 60, '4 Steensland Plaza, Swindon, United Kingdom', 1, '2019-01-02');
INSERT INTO public.buy VALUES (68, 185, 291, '7 Lillian Hill, Saint-Denis, France', 1, '2019-01-25');
INSERT INTO public.buy VALUES (61, 122, 10, '1556 Hoepker Drive, Perpignan, France', 3, '2018-07-25');
INSERT INTO public.buy VALUES (22, 110, 48, '974 Maryland Pass, Launceston, Australia', 6, '2019-05-14');
INSERT INTO public.buy VALUES (36, 32, 51, '49880 Stone Corner Drive, Toulon, France', 5, '2019-01-04');
INSERT INTO public.buy VALUES (70, 145, 181, '19 Saint Paul Street, Toulouse, France', 5, '2019-01-10');
INSERT INTO public.buy VALUES (17, 182, 274, '7953 Lakewood Road, Creil, France', 6, '2018-11-24');
INSERT INTO public.buy VALUES (1, 121, 238, '219 Mesta Plaza, Saint-Laurent-du-Var, France', 2, '2019-05-24');
INSERT INTO public.buy VALUES (43, 8, 258, '14 Di Loreto Crossing, Quetigny, France', 6, '2018-11-15');
INSERT INTO public.buy VALUES (83, 116, 241, '08 Prairieview Place, Rungis, France', 3, '2019-06-28');
INSERT INTO public.buy VALUES (82, 190, 225, '24 Gulseth Hill, Troyes, France', 6, '2019-03-21');
INSERT INTO public.buy VALUES (89, 173, 253, '7 Carpenter Pass, Burnham, New Zealand', 1, '2018-07-18');
INSERT INTO public.buy VALUES (55, 165, 119, '5 Grasskamp Lane, Albertville, France', 4, '2019-03-04');
INSERT INTO public.buy VALUES (42, 81, 3, '89 Helena Point, Lattes, France', 1, '2019-04-11');
INSERT INTO public.buy VALUES (17, 112, 81, '2713 Red Cloud Circle, Le Havre, France', 2, '2018-08-31');
INSERT INTO public.buy VALUES (67, 3, 257, '19744 Myrtle Hill, Villefranche-sur-Saône, France', 2, '2018-12-18');
INSERT INTO public.buy VALUES (47, 20, 142, '07154 Loftsgordon Terrace, Taradale, New Zealand', 6, '2018-09-26');
INSERT INTO public.buy VALUES (51, 185, 143, '2258 Northland Alley, Brest, France', 1, '2019-04-15');
INSERT INTO public.buy VALUES (37, 200, 199, '65035 Roxbury Pass, Vélizy-Villacoublay, France', 1, '2019-03-03');
INSERT INTO public.buy VALUES (43, 95, 174, '91367 Anderson Court, Amiens, France', 2, '2018-08-19');
INSERT INTO public.buy VALUES (63, 59, 181, '68999 Hoard Circle, Paris 14, France', 1, '2018-09-04');
INSERT INTO public.buy VALUES (92, 137, 30, '11490 Tennessee Way, Saint-Brieuc, France', 4, '2019-02-22');
INSERT INTO public.buy VALUES (14, 171, 25, '992 Shopko Alley, Schirmeck, France', 4, '2018-08-30');
INSERT INTO public.buy VALUES (35, 72, 14, '3614 Mockingbird Way, Le Blanc-Mesnil, France', 4, '2018-12-10');
INSERT INTO public.buy VALUES (39, 58, 212, '56 Bultman Alley, Bagnères-de-Bigorre, France', 3, '2019-05-27');
INSERT INTO public.buy VALUES (1, 141, 71, '23355 Gale Court, Altkirch, France', 6, '2019-03-04');
INSERT INTO public.buy VALUES (91, 94, 22, '1 Mccormick Trail, Créteil, France', 3, '2019-05-08');
INSERT INTO public.buy VALUES (17, 167, 68, '83 Center Terrace, Adelaide Mail Centre, Australia', 2, '2019-04-15');
INSERT INTO public.buy VALUES (100, 54, 36, '9809 Drewry Place, Napier, New Zealand', 6, '2018-10-04');
INSERT INTO public.buy VALUES (35, 57, 292, '42 Rowland Avenue, Coulommiers, France', 6, '2019-03-15');
INSERT INTO public.buy VALUES (81, 152, 299, '382 Killdeer Road, Bulls, New Zealand', 2, '2018-07-10');
INSERT INTO public.buy VALUES (86, 34, 261, '64 Dovetail Pass, Rungis, France', 3, '2018-08-20');
INSERT INTO public.buy VALUES (93, 46, 54, '19 Saint Paul Street, Toulouse, France', 4, '2018-11-06');
INSERT INTO public.buy VALUES (82, 58, 194, '9490 Thierer Street, Lyon, France', 6, '2019-01-16');
INSERT INTO public.buy VALUES (82, 198, 134, '6 Burning Wood Parkway, Chantilly, France', 1, '2018-10-21');
INSERT INTO public.buy VALUES (10, 74, 285, '44393 Iowa Plaza, Chambéry, France', 4, '2018-10-18');
INSERT INTO public.buy VALUES (13, 84, 259, '2 Kinsman Lane, Cognac, France', 2, '2018-12-24');
INSERT INTO public.buy VALUES (13, 138, 300, '808 Cordelia Court, Berck, France', 3, '2019-01-13');
INSERT INTO public.buy VALUES (75, 22, 35, '50785 Prentice Circle, Melun, France', 3, '2018-12-25');
INSERT INTO public.buy VALUES (19, 186, 65, '10996 Chinook Circle, Rennes, France', 5, '2018-12-02');
INSERT INTO public.buy VALUES (16, 163, 163, '9376 Forest Run Court, Gif-sur-Yvette, France', 3, '2018-11-12');
INSERT INTO public.buy VALUES (26, 98, 198, '47114 8th Center, Arnage, France', 3, '2018-11-24');
INSERT INTO public.buy VALUES (73, 166, 86, '9 Eastwood Park, Angers, France', 6, '2019-01-05');
INSERT INTO public.buy VALUES (65, 54, 36, '0406 Muir Trail, Cavaillon, France', 6, '2018-12-29');
INSERT INTO public.buy VALUES (50, 140, 199, '6614 Maywood Lane, Le Teil, France', 5, '2018-12-12');
INSERT INTO public.buy VALUES (69, 151, 152, '80729 Talisman Lane, Poitiers, France', 5, '2019-01-12');
INSERT INTO public.buy VALUES (19, 137, 125, '1379 Eastlawn Hill, Bondy, France', 3, '2018-11-10');
INSERT INTO public.buy VALUES (18, 76, 137, '4 1st Hill, Évry, France', 1, '2018-09-01');
INSERT INTO public.buy VALUES (50, 16, 296, '3887 American Ash Park, Grenoble, France', 6, '2018-09-30');
INSERT INTO public.buy VALUES (57, 161, 58, '22 Toban Park, Rumilly, France', 6, '2019-03-07');
INSERT INTO public.buy VALUES (56, 66, 183, '11761 Mayfield Court, Pau, France', 3, '2018-11-22');
INSERT INTO public.buy VALUES (27, 20, 281, '9514 Dawn Crossing, Amboise, France', 4, '2019-06-04');
INSERT INTO public.buy VALUES (15, 115, 284, '78 Beilfuss Circle, Rosebank, New Zealand', 1, '2018-10-06');
INSERT INTO public.buy VALUES (83, 152, 21, '999 Ryan Pass, Seaton, United Kingdom', 3, '2019-01-13');
INSERT INTO public.buy VALUES (63, 51, 1, '942 Gateway Street, Évreux, France', 4, '2018-08-20');
INSERT INTO public.buy VALUES (37, 186, 224, '7318 Lawn Lane, Paris 08, France', 2, '2018-11-27');
INSERT INTO public.buy VALUES (51, 61, 25, '886 Prairie Rose Center, Bagnères-de-Bigorre, France', 6, '2018-08-07');
INSERT INTO public.buy VALUES (16, 127, 195, '7 Fulton Road, Lyon, France', 3, '2018-12-05');
INSERT INTO public.buy VALUES (38, 145, 279, '3966 Laurel Point, Vitrolles, France', 6, '2019-04-03');
INSERT INTO public.buy VALUES (39, 8, 272, '2188 Hintze Terrace, Montpellier, France', 1, '2019-06-23');
INSERT INTO public.buy VALUES (88, 29, 234, '1912 Arrowood Pass, Newtown, United Kingdom', 3, '2019-03-23');
INSERT INTO public.buy VALUES (100, 130, 245, '34 Almo Center, Lille, France', 4, '2019-05-04');
INSERT INTO public.buy VALUES (64, 48, 167, '7356 Troy Street, Noyon, France', 3, '2018-08-14');
INSERT INTO public.buy VALUES (71, 131, 76, '134 Bartelt Parkway, Paris 13, France', 2, '2019-02-22');
INSERT INTO public.buy VALUES (65, 61, 285, '41980 Elka Place, Chelles, France', 4, '2019-04-30');
INSERT INTO public.buy VALUES (51, 193, 111, '63 Tony Street, Amiens, France', 4, '2018-08-15');
INSERT INTO public.buy VALUES (83, 21, 18, '5 Blackbird Point, Bordeaux, France', 2, '2018-07-26');
INSERT INTO public.buy VALUES (99, 129, 283, '467 Loeprich Junction, Paris 09, France', 3, '2018-08-17');
INSERT INTO public.buy VALUES (84, 95, 78, '173 Stone Corner Terrace, Sydney, Australia', 4, '2018-09-25');
INSERT INTO public.buy VALUES (13, 60, 18, '63217 Fieldstone Center, Châtillon, France', 1, '2018-07-30');
INSERT INTO public.buy VALUES (23, 79, 277, '78637 La Follette Plaza, Mérignac, France', 3, '2018-11-11');
INSERT INTO public.buy VALUES (38, 3, 21, '72466 Lukken Alley, Amiens, France', 5, '2018-08-14');
INSERT INTO public.buy VALUES (63, 148, 5, '0 Scofield Court, Plérin, France', 2, '2019-04-24');
INSERT INTO public.buy VALUES (24, 91, 295, '6 Crest Line Road, Poitiers, France', 2, '2018-10-26');
INSERT INTO public.buy VALUES (58, 86, 25, '3766 Thierer Place, Toulouse, France', 3, '2018-12-23');
INSERT INTO public.buy VALUES (69, 29, 17, '2838 Shoshone Avenue, Toulouse, France', 2, '2019-03-24');
INSERT INTO public.buy VALUES (71, 101, 63, '978 Stang Junction, Paris 04, France', 2, '2018-12-17');
INSERT INTO public.buy VALUES (75, 81, 66, '01 Anniversary Terrace, Amiens, France', 1, '2018-07-13');
INSERT INTO public.buy VALUES (85, 192, 8, '28912 Stuart Way, Suresnes, France', 4, '2018-10-06');
INSERT INTO public.buy VALUES (71, 87, 23, '394 Meadow Valley Drive, Reims, France', 2, '2018-11-29');
INSERT INTO public.buy VALUES (40, 198, 161, '22 Thompson Way, London, United Kingdom', 1, '2019-03-11');
INSERT INTO public.buy VALUES (88, 162, 244, '28912 Stuart Way, Suresnes, France', 4, '2019-02-14');
INSERT INTO public.buy VALUES (98, 63, 235, '25 Karstens Alley, Gentilly, France', 2, '2019-04-04');
INSERT INTO public.buy VALUES (17, 16, 143, '1719 Division Junction, Montreuil, France', 4, '2019-04-27');
INSERT INTO public.buy VALUES (53, 151, 19, '36051 Mitchell Point, Brignoles, France', 2, '2018-09-19');
INSERT INTO public.buy VALUES (71, 146, 295, '699 High Crossing Street, Toulouse, France', 2, '2019-01-11');
INSERT INTO public.buy VALUES (50, 74, 75, '7574 Mosinee Circle, Paris La Défense, France', 4, '2019-04-13');
INSERT INTO public.buy VALUES (68, 124, 171, '759 Sycamore Drive, Marseille, France', 5, '2018-08-27');
INSERT INTO public.buy VALUES (90, 7, 184, '876 Ronald Regan Road, Poitiers, France', 2, '2019-04-03');
INSERT INTO public.buy VALUES (100, 96, 146, '496 Hallows Pass, Carpentras, France', 5, '2019-02-23');
INSERT INTO public.buy VALUES (3, 25, 222, '00 Hooker Crossing, Levallois-Perret, France', 6, '2019-02-27');
INSERT INTO public.buy VALUES (94, 73, 205, '7 Namekagon Avenue, Sélestat, France', 2, '2019-03-17');
INSERT INTO public.buy VALUES (61, 33, 61, '1 Mccormick Trail, Créteil, France', 2, '2018-12-13');
INSERT INTO public.buy VALUES (68, 100, 77, '496 Hallows Pass, Carpentras, France', 5, '2018-07-06');
INSERT INTO public.buy VALUES (39, 148, 233, '4 Harper Circle, Canala, New Caledonia', 6, '2018-11-28');
INSERT INTO public.buy VALUES (60, 178, 34, '943 Erie Crossing, Vendargues, France', 5, '2018-12-19');
INSERT INTO public.buy VALUES (28, 177, 283, '3804 Dwight Road, Adelaide Mail Centre, Australia', 3, '2019-03-01');
INSERT INTO public.buy VALUES (85, 68, 134, '8 Alpine Pass, Saint-Quentin-en-Yvelines, France', 5, '2019-03-30');
INSERT INTO public.buy VALUES (7, 18, 276, '942 Gateway Street, Évreux, France', 5, '2019-04-29');
INSERT INTO public.buy VALUES (18, 189, 54, '80 Oakridge Park, Saint-Louis, France', 2, '2018-10-15');
INSERT INTO public.buy VALUES (36, 140, 94, '613 Westport Crossing, Perpignan, France', 2, '2019-04-07');
INSERT INTO public.buy VALUES (81, 96, 58, '40472 Ramsey Trail, Caen, France', 2, '2018-09-26');
INSERT INTO public.buy VALUES (67, 198, 264, '8056 Everett Hill, Taipa, New Zealand', 4, '2018-08-19');
INSERT INTO public.buy VALUES (17, 87, 31, '916 Warbler Junction, Issoire, France', 3, '2019-02-08');
INSERT INTO public.buy VALUES (13, 144, 96, '89699 Susan Plaza, Longjumeau, France', 4, '2019-05-09');
INSERT INTO public.buy VALUES (44, 175, 197, '0 Homewood Place, Fontenay-sous-Bois, France', 4, '2019-04-02');
INSERT INTO public.buy VALUES (78, 116, 169, '322 Pond Plaza, Pamiers, France', 4, '2018-08-12');
INSERT INTO public.buy VALUES (83, 52, 188, '3 Hansons Plaza, Montpellier, France', 4, '2018-08-17');
INSERT INTO public.buy VALUES (81, 97, 48, '9 Debra Point, Arras, France', 2, '2019-01-19');
INSERT INTO public.buy VALUES (77, 124, 288, '947 Bartelt Drive, Le Mans, France', 1, '2019-04-02');
INSERT INTO public.buy VALUES (72, 108, 116, '13373 Crowley Terrace, Laxou, France', 4, '2018-08-07');
INSERT INTO public.buy VALUES (19, 144, 298, '7 Knutson Court, Meudon, France', 1, '2018-11-27');
INSERT INTO public.buy VALUES (87, 194, 219, '7 Jenna Crossing, Boulogne-Billancourt, France', 1, '2018-11-29');
INSERT INTO public.buy VALUES (61, 123, 250, '0481 Rusk Hill, Rungis, France', 1, '2019-02-10');
INSERT INTO public.buy VALUES (41, 17, 73, '2468 Fairfield Parkway, Issy-les-Moulineaux, France', 6, '2018-07-07');
INSERT INTO public.buy VALUES (97, 134, 141, '7 Alpine Road, Rouen, France', 6, '2019-01-09');
INSERT INTO public.buy VALUES (67, 53, 62, '007 Oxford Junction, Nice, France', 2, '2019-03-29');
INSERT INTO public.buy VALUES (65, 99, 256, '78187 Superior Court, Rouen, France', 1, '2019-01-22');
INSERT INTO public.buy VALUES (66, 113, 296, '8 Duke Alley, Nouméa, New Caledonia', 2, '2018-12-18');
INSERT INTO public.buy VALUES (79, 49, 250, '2525 Crescent Oaks Park, Lyon, France', 3, '2019-01-15');
INSERT INTO public.buy VALUES (80, 135, 105, '328 Mitchell Place, Adelaide, Australia', 3, '2018-07-16');
INSERT INTO public.buy VALUES (43, 53, 288, '35 Thompson Center, Saint-Quentin-en-Yvelines, France', 4, '2019-04-29');
INSERT INTO public.buy VALUES (65, 5, 145, '09935 Moose Circle, Vénissieux, France', 4, '2019-02-16');
INSERT INTO public.buy VALUES (25, 131, 152, '05 Elmside Hill, Melbourne, Australia', 5, '2018-09-17');
INSERT INTO public.buy VALUES (37, 147, 201, '9 Namekagon Park, Châtillon, France', 2, '2018-12-21');
INSERT INTO public.buy VALUES (24, 140, 215, '3966 Laurel Point, Vitrolles, France', 1, '2018-08-07');
INSERT INTO public.buy VALUES (69, 47, 156, '201 Sutteridge Hill, Langres, France', 2, '2019-04-04');
INSERT INTO public.buy VALUES (32, 148, 215, '9209 Bayside Plaza, Paris 18, France', 2, '2019-05-29');
INSERT INTO public.buy VALUES (81, 74, 248, '1 Chive Pass, Nouméa, New Caledonia', 1, '2018-09-23');
INSERT INTO public.buy VALUES (95, 96, 288, '59 Barby Lane, Antony, France', 3, '2019-03-19');
INSERT INTO public.buy VALUES (21, 29, 62, '93 Mifflin Street, Gardanne, France', 5, '2018-10-25');
INSERT INTO public.buy VALUES (32, 178, 78, '32082 Boyd Plaza, Chantilly, France', 5, '2018-12-02');
INSERT INTO public.buy VALUES (42, 193, 19, '2295 Lakewood Park, Charleville-Mézières, France', 1, '2019-04-28');
INSERT INTO public.buy VALUES (85, 54, 66, '01845 Express Lane, Sarlat-la-Canéda, France', 6, '2019-06-19');
INSERT INTO public.buy VALUES (18, 56, 159, '1 Towne Circle, Toulouse, France', 3, '2018-07-02');
INSERT INTO public.buy VALUES (57, 25, 297, '4 7th Road, Orly aérogare, France', 4, '2019-05-26');
INSERT INTO public.buy VALUES (46, 200, 36, '7877 Scott Lane, Kawerau, New Zealand', 1, '2019-05-03');
INSERT INTO public.buy VALUES (24, 110, 281, '87836 Grasskamp Crossing, Belfort, France', 3, '2018-07-14');
INSERT INTO public.buy VALUES (90, 105, 188, '5372 Sunnyside Circle, Chaumont, France', 3, '2018-11-03');
INSERT INTO public.buy VALUES (73, 111, 227, '0481 Rusk Hill, Rungis, France', 6, '2018-10-23');
INSERT INTO public.buy VALUES (85, 122, 159, '04389 Golf View Alley, Saint-Herblain, France', 6, '2019-02-28');
INSERT INTO public.buy VALUES (79, 175, 120, '94 Holmberg Park, Birmingham, United Kingdom', 1, '2018-10-16');
INSERT INTO public.buy VALUES (96, 53, 206, '225 Springview Terrace, Arras, France', 2, '2019-05-26');
INSERT INTO public.buy VALUES (26, 145, 86, '79788 Monument Street, Aime, France', 2, '2018-07-18');
INSERT INTO public.buy VALUES (85, 75, 13, '4 1st Hill, Évry, France', 2, '2018-09-08');
INSERT INTO public.buy VALUES (8, 150, 151, '88 American Crossing, Roissy Charles-de-Gaulle, France', 2, '2018-07-12');
INSERT INTO public.buy VALUES (44, 170, 190, '9916 Rutledge Drive, Brampton, United Kingdom', 3, '2019-04-12');
INSERT INTO public.buy VALUES (80, 193, 157, '0791 Johnson Terrace, Châteauroux, France', 2, '2019-04-27');
INSERT INTO public.buy VALUES (65, 29, 55, '2597 School Place, Taradale, New Zealand', 4, '2018-09-04');
INSERT INTO public.buy VALUES (46, 176, 262, '4 Little Fleur Court, La Roche-sur-Yon, France', 4, '2018-11-01');
INSERT INTO public.buy VALUES (42, 23, 231, '17203 Eagan Circle, La Courneuve, France', 4, '2018-09-06');
INSERT INTO public.buy VALUES (65, 79, 176, '25 Steensland Court, Mende, France', 6, '2019-01-05');
INSERT INTO public.buy VALUES (5, 167, 204, '3 Bultman Parkway, Strasbourg, France', 5, '2019-01-08');
INSERT INTO public.buy VALUES (85, 130, 139, '22237 Fairfield Terrace, Mundolsheim, France', 6, '2019-02-12');
INSERT INTO public.buy VALUES (58, 169, 102, '51154 Wayridge Street, Chantilly, France', 4, '2019-02-27');
INSERT INTO public.buy VALUES (88, 191, 229, '88359 Warner Point, Nice, France', 4, '2018-09-28');
INSERT INTO public.buy VALUES (24, 174, 243, '4630 Debs Alley, Marne-la-Vallée, France', 1, '2018-10-08');
INSERT INTO public.buy VALUES (49, 194, 28, '8 Moland Parkway, Clamart, France', 6, '2018-07-29');
INSERT INTO public.buy VALUES (83, 75, 17, '89841 Forest Run Hill, Challans, France', 4, '2019-02-18');
INSERT INTO public.buy VALUES (48, 108, 138, '808 Cordelia Court, Berck, France', 4, '2019-01-16');
INSERT INTO public.buy VALUES (8, 31, 51, '48762 Hauk Alley, Reims, France', 1, '2019-01-13');
INSERT INTO public.buy VALUES (26, 56, 132, '78637 La Follette Plaza, Mérignac, France', 1, '2019-04-29');
INSERT INTO public.buy VALUES (12, 53, 105, '7755 Ruskin Alley, Nantes, France', 4, '2018-09-25');
INSERT INTO public.buy VALUES (74, 87, 220, '7942 Moland Road, Le Mans, France', 2, '2019-02-23');
INSERT INTO public.buy VALUES (91, 138, 125, '8 Roxbury Way, Ivry-sur-Seine, France', 3, '2018-10-06');
INSERT INTO public.buy VALUES (15, 133, 10, '8934 Meadow Ridge Drive, Nanterre, France', 5, '2018-11-07');
INSERT INTO public.buy VALUES (84, 128, 249, '8494 Waywood Hill, Le Havre, France', 4, '2018-11-29');
INSERT INTO public.buy VALUES (25, 91, 36, '4 Corscot Hill, Cambrai, France', 4, '2018-11-08');
INSERT INTO public.buy VALUES (47, 140, 227, '28405 Fremont Plaza, Grenoble, France', 2, '2018-09-04');
INSERT INTO public.buy VALUES (41, 5, 222, '7 Knutson Court, Meudon, France', 5, '2019-06-15');
INSERT INTO public.buy VALUES (9, 74, 82, '1 Quincy Point, Caen, France', 5, '2019-05-09');
INSERT INTO public.buy VALUES (86, 54, 76, '3766 Thierer Place, Toulouse, France', 5, '2018-09-06');
INSERT INTO public.buy VALUES (16, 140, 246, '2 Arkansas Road, London, United Kingdom', 6, '2019-05-12');
INSERT INTO public.buy VALUES (77, 150, 203, '01516 Vermont Court, Le Havre, France', 5, '2018-08-03');
INSERT INTO public.buy VALUES (81, 48, 286, '10996 Chinook Circle, Rennes, France', 2, '2019-04-02');
INSERT INTO public.buy VALUES (60, 102, 119, '0791 Johnson Terrace, Châteauroux, France', 3, '2018-09-04');
INSERT INTO public.buy VALUES (31, 35, 294, '5455 Gina Street, Sydney South, Australia', 4, '2019-04-29');
INSERT INTO public.buy VALUES (31, 186, 272, '73215 Loeprich Drive, Saint-Grégoire, France', 1, '2018-09-14');
INSERT INTO public.buy VALUES (21, 99, 104, '947 Bartelt Drive, Le Mans, France', 2, '2018-12-24');
INSERT INTO public.buy VALUES (70, 78, 51, '5 Evergreen Center, Romans-sur-Isère, France', 4, '2019-01-03');
INSERT INTO public.buy VALUES (68, 134, 49, '8056 Everett Hill, Taipa, New Zealand', 2, '2019-04-12');
INSERT INTO public.buy VALUES (35, 164, 277, '02377 Harbort Trail, Cergy-Pontoise, France', 5, '2018-10-10');
INSERT INTO public.buy VALUES (100, 163, 155, '1560 2nd Crossing, Mâcon, France', 3, '2018-08-06');
INSERT INTO public.buy VALUES (89, 161, 3, '8 2nd Street, Montpellier, France', 5, '2018-11-26');
INSERT INTO public.buy VALUES (25, 178, 10, '6 Burning Wood Parkway, Chantilly, France', 5, '2018-09-04');
INSERT INTO public.buy VALUES (37, 32, 213, '3 Ridgeway Junction, Clichy, France', 2, '2019-04-22');
INSERT INTO public.buy VALUES (99, 198, 152, '51 Kennedy Parkway, Clermont-Ferrand, France', 4, '2019-02-22');
INSERT INTO public.buy VALUES (91, 115, 148, '951 High Crossing Place, Mende, France', 2, '2018-07-19');
INSERT INTO public.buy VALUES (83, 150, 265, '26 Oxford Center, Thionville, France', 3, '2019-02-17');
INSERT INTO public.buy VALUES (59, 34, 188, '024 Transport Crossing, Roissy Charles-de-Gaulle, France', 3, '2019-03-21');
INSERT INTO public.buy VALUES (20, 78, 190, '8337 Tomscot Center, Chilly-Mazarin, France', 2, '2019-03-12');
INSERT INTO public.buy VALUES (38, 22, 299, '89841 Forest Run Hill, Challans, France', 6, '2019-04-02');
INSERT INTO public.buy VALUES (44, 126, 82, '982 Coolidge Street, Paris 10, France', 1, '2019-02-22');
INSERT INTO public.buy VALUES (51, 125, 34, '2 Oak Valley Junction, Abbeville, France', 2, '2018-08-15');
INSERT INTO public.buy VALUES (69, 65, 199, '49056 Bowman Point, Provins, France', 6, '2019-03-17');
INSERT INTO public.buy VALUES (23, 143, 144, '080 Elmside Plaza, Marseille, France', 2, '2019-05-23');
INSERT INTO public.buy VALUES (91, 38, 205, '64891 Gale Way, Croissy-sur-Seine, France', 2, '2019-02-19');
INSERT INTO public.buy VALUES (40, 181, 290, '302 Dawn Junction, Évry, France', 6, '2018-08-16');
INSERT INTO public.buy VALUES (54, 60, 105, '51 East Court, Palmerston North, New Zealand', 4, '2019-03-04');
INSERT INTO public.buy VALUES (100, 10, 289, '51852 7th Junction, Marseille, France', 6, '2018-09-07');
INSERT INTO public.buy VALUES (12, 137, 150, '19744 Myrtle Hill, Villefranche-sur-Saône, France', 2, '2019-03-12');
INSERT INTO public.buy VALUES (83, 1, 250, '53 Nevada Drive, Cergy-Pontoise, France', 4, '2018-12-08');
INSERT INTO public.buy VALUES (62, 123, 107, '77 Northwestern Place, Saint-Maurice-l''Exil, France', 5, '2019-06-07');
INSERT INTO public.buy VALUES (66, 3, 58, '552 Farragut Alley, Arras, France', 6, '2019-02-01');
INSERT INTO public.buy VALUES (79, 125, 250, '467 Loeprich Junction, Paris 09, France', 4, '2018-08-16');
INSERT INTO public.buy VALUES (7, 84, 74, '08012 Main Pass, Buckland, United Kingdom', 3, '2019-05-02');
INSERT INTO public.buy VALUES (61, 87, 135, '7953 Lakewood Road, Creil, France', 1, '2018-08-10');
INSERT INTO public.buy VALUES (18, 125, 172, '513 Melvin Hill, Carcassonne, France', 1, '2018-07-23');
INSERT INTO public.buy VALUES (97, 174, 222, '4881 Banding Place, Brest, France', 4, '2018-07-03');
INSERT INTO public.buy VALUES (40, 55, 142, '2 Canary Avenue, La Ravoire, France', 2, '2019-04-03');
INSERT INTO public.buy VALUES (67, 63, 166, '0 Moland Road, Villejuif, France', 4, '2018-11-14');
INSERT INTO public.buy VALUES (96, 79, 151, '07955 Elmside Lane, Gennevilliers, France', 6, '2018-10-23');
INSERT INTO public.buy VALUES (91, 25, 153, '2 Oak Valley Junction, Abbeville, France', 5, '2019-01-18');
INSERT INTO public.buy VALUES (23, 135, 206, '584 Algoma Point, Marseille, France', 2, '2019-05-17');
INSERT INTO public.buy VALUES (30, 25, 180, '301 Granby Park, Privas, France', 1, '2019-03-26');
INSERT INTO public.buy VALUES (80, 164, 40, '0633 Fulton Court, Takanini, New Zealand', 5, '2018-11-25');
INSERT INTO public.buy VALUES (40, 26, 113, '93750 Dovetail Plaza, Schirmeck, France', 4, '2019-05-19');
INSERT INTO public.buy VALUES (79, 81, 264, '77121 Pleasure Lane, Bonneville, France', 3, '2019-01-10');
INSERT INTO public.buy VALUES (60, 52, 257, '583 Green Ridge Road, Aix-en-Provence, France', 1, '2018-07-16');
INSERT INTO public.buy VALUES (98, 36, 14, '4 Little Fleur Court, La Roche-sur-Yon, France', 6, '2019-04-16');
INSERT INTO public.buy VALUES (25, 58, 102, '50785 Prentice Circle, Melun, France', 4, '2019-03-14');
INSERT INTO public.buy VALUES (8, 70, 280, '186 Tennessee Center, Poligny, France', 1, '2019-04-17');
INSERT INTO public.buy VALUES (42, 154, 214, '4 Browning Alley, Leeds, United Kingdom', 5, '2018-08-27');
INSERT INTO public.buy VALUES (85, 143, 12, '613 Westport Crossing, Perpignan, France', 4, '2018-07-28');
INSERT INTO public.buy VALUES (96, 74, 270, '543 Green Ridge Crossing, Nîmes, France', 2, '2018-08-08');
INSERT INTO public.buy VALUES (75, 80, 294, '7 Forest Run Street, Colmar, France', 4, '2018-10-12');
INSERT INTO public.buy VALUES (63, 25, 170, '506 Cardinal Hill, Saint-Quentin-en-Yvelines, France', 4, '2019-02-11');
INSERT INTO public.buy VALUES (51, 179, 36, '4881 Banding Place, Brest, France', 3, '2018-12-11');
INSERT INTO public.buy VALUES (52, 56, 295, '07955 Elmside Lane, Gennevilliers, France', 3, '2019-05-12');
INSERT INTO public.buy VALUES (73, 43, 133, '2468 Fairfield Parkway, Issy-les-Moulineaux, France', 4, '2019-02-18');
INSERT INTO public.buy VALUES (4, 119, 207, '67 Oneill Hill, Marseille, France', 6, '2018-08-16');
INSERT INTO public.buy VALUES (95, 168, 259, '20 Schmedeman Street, Ivry-sur-Seine, France', 1, '2019-04-10');
INSERT INTO public.buy VALUES (79, 177, 224, '0434 Thompson Crossing, Noyal-sur-Vilaine, France', 5, '2019-05-23');
INSERT INTO public.buy VALUES (51, 92, 265, '1 Susan Point, Guéret, France', 2, '2018-07-01');
INSERT INTO public.buy VALUES (67, 87, 115, '765 Fieldstone Park, Saint-Herblain, France', 6, '2018-12-12');
INSERT INTO public.buy VALUES (63, 194, 5, '110 Jana Plaza, Bordeaux, France', 3, '2018-11-13');
INSERT INTO public.buy VALUES (29, 185, 160, '307 Westport Drive, Dijon, France', 4, '2019-06-14');
INSERT INTO public.buy VALUES (85, 85, 200, '76693 Sutteridge Alley, Eastern Suburbs Mc, Australia', 1, '2019-01-31');
INSERT INTO public.buy VALUES (67, 43, 217, '82438 Talmadge Terrace, Paris 09, France', 4, '2018-11-26');
INSERT INTO public.buy VALUES (38, 142, 271, '56 Bultman Alley, Bagnères-de-Bigorre, France', 1, '2019-03-02');
INSERT INTO public.buy VALUES (84, 135, 192, '036 Express Way, Metz, France', 2, '2019-03-10');
INSERT INTO public.buy VALUES (40, 96, 176, '51137 Glacier Hill Parkway, Eybens, France', 4, '2018-07-06');
INSERT INTO public.buy VALUES (72, 8, 215, '85125 Village Green Road, Whakatane, New Zealand', 2, '2019-05-17');
INSERT INTO public.buy VALUES (6, 29, 210, '33976 Sutherland Pass, Lille, France', 3, '2018-12-21');
INSERT INTO public.buy VALUES (25, 152, 124, '55 Caliangt Circle, Le Havre, France', 1, '2019-06-01');
INSERT INTO public.buy VALUES (94, 173, 71, '2 Elmside Crossing, Marseille, France', 2, '2018-07-22');
INSERT INTO public.buy VALUES (6, 76, 214, '17514 Johnson Drive, Mende, France', 3, '2019-02-08');
INSERT INTO public.buy VALUES (43, 193, 157, '0 Pond Alley, Clichy, France', 1, '2019-01-17');
INSERT INTO public.buy VALUES (42, 53, 95, '671 Eliot Alley, Manukau City, New Zealand', 3, '2018-12-29');
INSERT INTO public.buy VALUES (10, 37, 281, '1379 Eastlawn Hill, Bondy, France', 2, '2018-08-18');
INSERT INTO public.buy VALUES (3, 160, 241, '727 Lindbergh Avenue, Cluses, France', 3, '2019-02-10');
INSERT INTO public.buy VALUES (6, 124, 216, '19 Saint Paul Street, Toulouse, France', 4, '2018-11-01');
INSERT INTO public.buy VALUES (5, 99, 171, '1401 Schiller Pass, Pau, France', 6, '2018-10-09');
INSERT INTO public.buy VALUES (66, 149, 201, '10342 Atwood Drive, Caen, France', 6, '2019-03-04');
INSERT INTO public.buy VALUES (26, 105, 25, '1 Quincy Point, Caen, France', 1, '2018-08-31');
INSERT INTO public.buy VALUES (14, 145, 135, '5 Hanson Alley, New Plymouth, New Zealand', 5, '2018-11-02');
INSERT INTO public.buy VALUES (77, 193, 216, '36 Stephen Place, Aix-en-Provence, France', 3, '2019-06-22');
INSERT INTO public.buy VALUES (7, 132, 93, '9 Namekagon Park, Châtillon, France', 1, '2019-01-20');
INSERT INTO public.buy VALUES (29, 22, 232, '69630 Sherman Street, Massy, France', 1, '2018-07-10');
INSERT INTO public.buy VALUES (73, 99, 64, '87836 Grasskamp Crossing, Belfort, France', 1, '2019-03-27');
INSERT INTO public.buy VALUES (82, 149, 122, '0881 Texas Terrace, Châteauroux, France', 1, '2019-02-14');
INSERT INTO public.buy VALUES (63, 86, 103, '10455 Thierer Terrace, Draguignan, France', 6, '2018-07-08');
INSERT INTO public.buy VALUES (56, 76, 155, '8 Duke Alley, Nouméa, New Caledonia', 2, '2018-12-23');
INSERT INTO public.buy VALUES (90, 24, 87, '72466 Lukken Alley, Amiens, France', 3, '2018-10-30');
INSERT INTO public.buy VALUES (49, 106, 94, '42812 Lighthouse Bay Pass, Brest, France', 2, '2018-09-03');
INSERT INTO public.buy VALUES (49, 103, 118, '0 Prairieview Park, Mulhouse, France', 5, '2018-09-02');
INSERT INTO public.buy VALUES (65, 123, 146, '7 Carberry Road, Metz, France', 3, '2019-01-04');
INSERT INTO public.buy VALUES (97, 61, 242, '597 5th Street, Sarrebourg, France', 4, '2018-09-08');
INSERT INTO public.buy VALUES (56, 110, 179, '40337 Cottonwood Way, Aubagne, France', 4, '2018-10-08');
INSERT INTO public.buy VALUES (65, 19, 68, '6376 Heffernan Hill, Timaru, New Zealand', 1, '2019-01-16');
INSERT INTO public.buy VALUES (48, 144, 78, '73 Cordelia Park, Bobigny, France', 1, '2018-12-15');
INSERT INTO public.buy VALUES (53, 152, 55, '9265 Old Gate Pass, Caluire-et-Cuire, France', 4, '2018-07-05');
INSERT INTO public.buy VALUES (17, 133, 86, '65984 Buhler Hill, Tarbes, France', 6, '2019-03-14');
INSERT INTO public.buy VALUES (23, 133, 132, '99 Springs Pass, Boulogne-sur-Mer, France', 4, '2018-12-25');
INSERT INTO public.buy VALUES (5, 177, 265, '4 Dexter Road, Montreuil, France', 2, '2018-07-16');
INSERT INTO public.buy VALUES (34, 2, 97, '3480 Luster Junction, Wellington, New Zealand', 6, '2019-02-22');
INSERT INTO public.buy VALUES (73, 91, 268, '053 Barnett Terrace, Loudun, France', 3, '2018-10-17');
INSERT INTO public.buy VALUES (81, 29, 66, '22936 Warrior Park, Pamiers, France', 1, '2019-04-24');
INSERT INTO public.buy VALUES (95, 145, 267, '65035 Roxbury Pass, Vélizy-Villacoublay, France', 2, '2018-11-29');
INSERT INTO public.buy VALUES (42, 102, 159, '8 Northland Point, Montpellier, France', 6, '2019-01-16');
INSERT INTO public.buy VALUES (53, 81, 160, '00180 Hanover Street, La Charité-sur-Loire, France', 1, '2019-03-31');
INSERT INTO public.buy VALUES (13, 117, 219, '7158 Pepper Wood Alley, Poitiers, France', 4, '2018-10-10');
INSERT INTO public.buy VALUES (57, 195, 127, '443 Kropf Trail, Issy-les-Moulineaux, France', 6, '2018-07-02');
INSERT INTO public.buy VALUES (54, 87, 233, '7921 Manitowish Lane, Nuits-Saint-Georges, France', 5, '2018-09-08');
INSERT INTO public.buy VALUES (90, 57, 153, '5455 Gina Street, Sydney South, Australia', 1, '2018-07-13');
INSERT INTO public.buy VALUES (38, 163, 292, '3218 Golf View Court, Saint-Maur-des-Fossés, France', 1, '2019-03-07');
INSERT INTO public.buy VALUES (79, 53, 125, '21 Colorado Terrace, Bonneville, France', 3, '2019-02-22');
INSERT INTO public.buy VALUES (67, 97, 215, '05865 Burning Wood Center, Moerewa, New Zealand', 1, '2019-05-10');
INSERT INTO public.buy VALUES (46, 54, 162, '2665 Dottie Drive, Birmingham, United Kingdom', 3, '2019-06-06');
INSERT INTO public.buy VALUES (74, 25, 70, '186 Tennessee Center, Poligny, France', 6, '2018-10-06');
INSERT INTO public.buy VALUES (39, 32, 101, '295 Dunning Junction, Lille, France', 1, '2019-06-26');
INSERT INTO public.buy VALUES (16, 173, 60, '06 Prairieview Junction, Kerikeri, New Zealand', 1, '2018-10-29');
INSERT INTO public.buy VALUES (31, 20, 49, '18140 Mallard Terrace, Sydney, Australia', 6, '2019-03-01');
INSERT INTO public.buy VALUES (41, 175, 222, '59 Barby Lane, Antony, France', 5, '2018-11-21');
INSERT INTO public.buy VALUES (12, 167, 104, '32549 Fieldstone Circle, Vénissieux, France', 5, '2018-10-22');
INSERT INTO public.buy VALUES (78, 126, 194, '8360 Veith Lane, Angers, France', 6, '2018-12-14');
INSERT INTO public.buy VALUES (2, 95, 271, '4280 Eastlawn Avenue, Vitry-le-François, France', 4, '2019-06-08');
INSERT INTO public.buy VALUES (17, 48, 199, '5 Blackbird Alley, Paris 17, France', 4, '2018-10-29');
INSERT INTO public.buy VALUES (3, 27, 234, '35775 Del Sol Terrace, Nantes, France', 6, '2019-03-22');
INSERT INTO public.buy VALUES (17, 122, 204, '7 Lindbergh Park, Marcq-en-Barœul, France', 6, '2018-10-22');
INSERT INTO public.buy VALUES (95, 78, 39, '022 Harper Junction, Béziers, France', 4, '2019-01-09');
INSERT INTO public.buy VALUES (52, 172, 238, '15722 Oxford Road, Grenoble, France', 2, '2018-11-02');
INSERT INTO public.buy VALUES (32, 34, 66, '6608 Swallow Avenue, Cesson, France', 3, '2018-11-14');
INSERT INTO public.buy VALUES (34, 135, 214, '903 Tomscot Parkway, Bradford, United Kingdom', 2, '2018-12-10');
INSERT INTO public.buy VALUES (11, 109, 120, '24 Graedel Trail, Saint-Louis, France', 5, '2019-01-22');
INSERT INTO public.buy VALUES (56, 44, 171, '5 Morning Junction, Bastia, France', 3, '2019-03-22');
INSERT INTO public.buy VALUES (91, 188, 94, '5930 Holmberg Road, Marmande, France', 1, '2018-09-28');
INSERT INTO public.buy VALUES (78, 85, 20, '0 Nancy Park, Le Raincy, France', 6, '2018-08-17');
INSERT INTO public.buy VALUES (14, 57, 162, '5 Morning Junction, Bastia, France', 4, '2018-09-18');
INSERT INTO public.buy VALUES (57, 25, 56, '958 Ridgeview Way, Issoire, France', 1, '2019-05-29');
INSERT INTO public.buy VALUES (36, 97, 107, '3 Elka Avenue, Saint-Jean-de-Luz, France', 2, '2019-06-04');
INSERT INTO public.buy VALUES (83, 101, 170, '3 Bultman Parkway, Strasbourg, France', 3, '2018-11-28');
INSERT INTO public.buy VALUES (52, 107, 273, '01 Merrick Parkway, Marne-la-Vallée, France', 2, '2019-01-10');
INSERT INTO public.buy VALUES (66, 176, 252, '08583 Cordelia Circle, Pau, France', 2, '2019-05-23');
INSERT INTO public.buy VALUES (17, 170, 125, '5 Blackbird Point, Bordeaux, France', 6, '2019-04-08');
INSERT INTO public.buy VALUES (59, 48, 102, '172 Old Shore Plaza, Béziers, France', 6, '2018-07-29');
INSERT INTO public.buy VALUES (59, 72, 196, '85 Monterey Park, Firminy, France', 5, '2019-03-29');
INSERT INTO public.buy VALUES (64, 163, 12, '0772 Westend Circle, Brest, France', 3, '2019-02-17');
INSERT INTO public.buy VALUES (53, 63, 18, '54660 Duke Pass, Chelles, France', 6, '2019-06-26');
INSERT INTO public.buy VALUES (23, 14, 277, '37 Valley Edge Plaza, Paris 13, France', 1, '2019-05-02');
INSERT INTO public.buy VALUES (46, 179, 277, '4769 Bunker Hill Street, Montauban, France', 3, '2019-03-09');
INSERT INTO public.buy VALUES (33, 149, 281, '2188 Hintze Terrace, Montpellier, France', 6, '2018-08-01');
INSERT INTO public.buy VALUES (94, 44, 194, '3804 Dwight Road, Adelaide Mail Centre, Australia', 2, '2019-02-04');
INSERT INTO public.buy VALUES (41, 69, 115, '7 Fairfield Street, Paris La Défense, France', 1, '2019-04-20');
INSERT INTO public.buy VALUES (56, 35, 159, '4950 Nevada Avenue, Besançon, France', 2, '2018-08-07');
INSERT INTO public.buy VALUES (63, 86, 174, '307 Westport Drive, Dijon, France', 5, '2019-04-11');
INSERT INTO public.buy VALUES (19, 157, 188, '8 Swallow Point, Sydney, Australia', 3, '2019-04-18');
INSERT INTO public.buy VALUES (96, 86, 119, '25 Granby Drive, Flers, France', 5, '2019-03-10');
INSERT INTO public.buy VALUES (2, 139, 131, '21932 Elka Hill, Cergy-Pontoise, France', 5, '2018-11-11');
INSERT INTO public.buy VALUES (3, 27, 231, '66 Twin Pines Street, Lyon, France', 2, '2019-05-30');
INSERT INTO public.buy VALUES (44, 174, 104, '6 Chinook Place, Châlons-en-Champagne, France', 4, '2019-05-28');
INSERT INTO public.buy VALUES (43, 75, 275, '180 Havey Circle, Neuilly-sur-Marne, France', 6, '2018-11-04');
INSERT INTO public.buy VALUES (44, 81, 131, '180 Clove Terrace, Nice, France', 3, '2019-05-26');
INSERT INTO public.buy VALUES (91, 168, 8, '8 2nd Street, Montpellier, France', 1, '2019-06-28');
INSERT INTO public.buy VALUES (44, 162, 177, '7558 Waxwing Point, Roissy Charles-de-Gaulle, France', 4, '2019-02-03');
INSERT INTO public.buy VALUES (85, 43, 132, '0753 Monica Pass, Le Havre, France', 2, '2019-03-18');
INSERT INTO public.buy VALUES (41, 71, 253, '42418 Macpherson Hill, Marseille, France', 6, '2019-02-20');
INSERT INTO public.buy VALUES (65, 9, 103, '35 Namekagon Road, Pau, France', 4, '2018-07-14');
INSERT INTO public.buy VALUES (40, 124, 13, '8 Mockingbird Place, Caen, France', 4, '2019-06-17');
INSERT INTO public.buy VALUES (40, 189, 252, '59370 Hayes Terrace, Bordeaux, France', 3, '2018-12-20');
INSERT INTO public.buy VALUES (57, 4, 23, '80729 Talisman Lane, Poitiers, France', 6, '2018-09-25');
INSERT INTO public.buy VALUES (59, 141, 19, '53 Lake View Court, Lucé, France', 2, '2019-03-07');
INSERT INTO public.buy VALUES (61, 88, 1, '642 Muir Center, Caen, France', 5, '2018-10-10');
INSERT INTO public.buy VALUES (79, 132, 129, '7 Katie Circle, Quimper, France', 2, '2019-05-06');
INSERT INTO public.buy VALUES (89, 62, 269, '105 Lighthouse Bay Way, Fayaoué, New Caledonia', 1, '2018-12-02');
INSERT INTO public.buy VALUES (12, 28, 51, '446 Jana Junction, Roanne, France', 6, '2018-12-24');
INSERT INTO public.buy VALUES (63, 51, 261, '04 Kenwood Trail, Nantes, France', 1, '2018-09-27');
INSERT INTO public.buy VALUES (7, 8, 194, '6 Chinook Place, Châlons-en-Champagne, France', 6, '2019-02-02');
INSERT INTO public.buy VALUES (38, 89, 37, '29698 Delladonna Street, Limoges, France', 3, '2019-06-26');
INSERT INTO public.buy VALUES (37, 44, 199, '7 Scoville Street, Paris 01, France', 5, '2019-05-10');
INSERT INTO public.buy VALUES (77, 189, 47, '0412 Loeprich Center, Compiègne, France', 4, '2019-02-19');
INSERT INTO public.buy VALUES (26, 153, 222, '8 Roxbury Way, Ivry-sur-Seine, France', 3, '2018-09-23');
INSERT INTO public.buy VALUES (23, 80, 118, '78 Kim Street, Takanini, New Zealand', 5, '2019-05-12');
INSERT INTO public.buy VALUES (85, 102, 273, '680 Claremont Drive, Portet-sur-Garonne, France', 4, '2018-11-05');
INSERT INTO public.buy VALUES (7, 176, 233, '1 Towne Circle, Toulouse, France', 4, '2019-06-12');
INSERT INTO public.buy VALUES (78, 44, 212, '5807 Moulton Street, Pontarlier, France', 6, '2019-05-27');
INSERT INTO public.buy VALUES (23, 39, 259, '53 Lake View Court, Lucé, France', 5, '2018-08-25');
INSERT INTO public.buy VALUES (68, 156, 27, '2 Kinsman Lane, Cognac, France', 2, '2018-08-06');
INSERT INTO public.buy VALUES (39, 200, 247, '35775 Del Sol Terrace, Nantes, France', 4, '2018-11-01');
INSERT INTO public.buy VALUES (54, 43, 84, '7545 Coleman Trail, Kingston, United Kingdom', 2, '2019-02-01');
INSERT INTO public.buy VALUES (82, 133, 51, '8 Eggendart Road, Châteauroux, France', 3, '2019-05-24');
INSERT INTO public.buy VALUES (8, 4, 191, '33259 Red Cloud Pass, Sydney, Australia', 1, '2018-07-04');
INSERT INTO public.buy VALUES (100, 197, 100, '20479 Bluejay Point, Tours, France', 5, '2019-06-02');
INSERT INTO public.buy VALUES (50, 160, 179, '506 Cardinal Hill, Saint-Quentin-en-Yvelines, France', 5, '2019-04-05');
INSERT INTO public.buy VALUES (10, 168, 70, '65984 Buhler Hill, Tarbes, France', 6, '2018-09-01');
INSERT INTO public.buy VALUES (51, 99, 188, '84 Novick Park, Lille, France', 3, '2018-09-30');
INSERT INTO public.buy VALUES (72, 46, 144, '5327 Calypso Way, Sydney, Australia', 5, '2019-03-21');
INSERT INTO public.buy VALUES (30, 17, 267, '48 Warner Way, Paris 18, France', 6, '2019-04-10');
INSERT INTO public.buy VALUES (20, 1, 22, '08 Barnett Junction, Aix-en-Provence, France', 4, '2018-12-22');
INSERT INTO public.buy VALUES (89, 182, 164, '41980 Elka Place, Chelles, France', 5, '2019-02-16');
INSERT INTO public.buy VALUES (96, 35, 91, '15722 Oxford Road, Grenoble, France', 5, '2019-01-15');
INSERT INTO public.buy VALUES (45, 177, 242, '2 Waxwing Point, Évry, France', 1, '2019-05-30');
INSERT INTO public.buy VALUES (51, 144, 223, '13606 Hanover Way, Courtaboeuf, France', 6, '2019-02-17');
INSERT INTO public.buy VALUES (6, 172, 64, '1 Bay Parkway, Gaillac, France', 2, '2018-08-01');
INSERT INTO public.buy VALUES (45, 47, 100, '99 Lakeland Junction, Argenteuil, France', 2, '2019-06-17');
INSERT INTO public.buy VALUES (56, 119, 258, '799 Riverside Point, Nice, France', 3, '2019-04-18');
INSERT INTO public.buy VALUES (16, 48, 47, '103 Lyons Street, Hyères, France', 2, '2019-01-11');
INSERT INTO public.buy VALUES (54, 102, 247, '0433 Schmedeman Court, Blaye, France', 1, '2019-06-16');
INSERT INTO public.buy VALUES (79, 80, 276, '96760 Garrison Center, Bobigny, France', 5, '2019-01-20');
INSERT INTO public.buy VALUES (11, 169, 68, '778 Northport Way, Vittel, France', 3, '2018-08-18');
INSERT INTO public.buy VALUES (74, 74, 177, '78 Division Parkway, Thiers, France', 5, '2019-01-14');
INSERT INTO public.buy VALUES (59, 55, 188, '7 Carpenter Circle, La Garenne-Colombes, France', 3, '2019-04-29');
INSERT INTO public.buy VALUES (18, 97, 114, '506 Cardinal Hill, Saint-Quentin-en-Yvelines, France', 3, '2018-12-11');
INSERT INTO public.buy VALUES (14, 144, 77, '10996 Chinook Circle, Rennes, France', 2, '2018-07-24');
INSERT INTO public.buy VALUES (29, 131, 210, '007 Oxford Junction, Nice, France', 3, '2018-08-28');
INSERT INTO public.buy VALUES (74, 105, 29, '09935 Moose Circle, Vénissieux, France', 5, '2018-07-30');
INSERT INTO public.buy VALUES (27, 55, 111, '80729 Talisman Lane, Poitiers, France', 5, '2019-01-09');
INSERT INTO public.buy VALUES (79, 109, 73, '0 Moland Road, Villejuif, France', 2, '2018-12-07');
INSERT INTO public.buy VALUES (14, 180, 245, '506 Lyons Way, Grenoble, France', 4, '2019-05-23');
INSERT INTO public.buy VALUES (70, 37, 275, '0417 Anderson Parkway, Nîmes, France', 2, '2018-07-03');
INSERT INTO public.buy VALUES (51, 168, 248, '19713 Village Green Way, Walton, United Kingdom', 3, '2019-06-12');
INSERT INTO public.buy VALUES (94, 82, 192, '7877 Scott Lane, Kawerau, New Zealand', 6, '2018-12-11');
INSERT INTO public.buy VALUES (29, 44, 209, '59 Monica Circle, Charleville-Mézières, France', 3, '2019-02-28');
INSERT INTO public.buy VALUES (35, 19, 81, '23 Pond Road, Toulouse, France', 3, '2018-12-28');
INSERT INTO public.buy VALUES (46, 142, 56, '78 Kim Street, Takanini, New Zealand', 5, '2018-08-22');
INSERT INTO public.buy VALUES (8, 118, 190, '2226 Bluestem Drive, Eaton, United Kingdom', 6, '2019-05-11');
INSERT INTO public.buy VALUES (81, 121, 222, '056 Sauthoff Plaza, Châtillon, France', 1, '2018-12-17');
INSERT INTO public.buy VALUES (19, 128, 67, '53 Weeping Birch Hill, Paris La Défense, France', 3, '2019-06-05');
INSERT INTO public.buy VALUES (15, 17, 120, '958 Ridgeview Way, Issoire, France', 1, '2019-02-05');
INSERT INTO public.buy VALUES (32, 58, 15, '0881 Texas Terrace, Châteauroux, France', 5, '2018-11-30');
INSERT INTO public.buy VALUES (53, 82, 230, '022 Harper Junction, Béziers, France', 2, '2018-12-11');
INSERT INTO public.buy VALUES (40, 30, 119, '2295 Lakewood Park, Charleville-Mézières, France', 3, '2019-01-11');
INSERT INTO public.buy VALUES (23, 57, 84, '2 Fieldstone Way, Vallauris, France', 6, '2018-12-08');
INSERT INTO public.buy VALUES (62, 57, 194, '1 Mifflin Junction, Clermont-Ferrand, France', 4, '2019-02-01');
INSERT INTO public.buy VALUES (92, 93, 27, '3355 Mayer Avenue, Nice, France', 6, '2018-08-01');
INSERT INTO public.buy VALUES (46, 19, 283, '958 Ridgeview Way, Issoire, France', 4, '2019-03-17');
INSERT INTO public.buy VALUES (17, 157, 88, '8 Roxbury Way, Ivry-sur-Seine, France', 4, '2018-08-09');
INSERT INTO public.buy VALUES (10, 161, 276, '3887 American Ash Park, Grenoble, France', 3, '2018-11-04');
INSERT INTO public.buy VALUES (38, 78, 255, '103 Lyons Street, Hyères, France', 6, '2019-06-18');
INSERT INTO public.buy VALUES (13, 40, 286, '0417 Anderson Parkway, Nîmes, France', 4, '2018-10-06');
INSERT INTO public.buy VALUES (27, 49, 282, '471 Farragut Trail, Les Sables-d''Olonne, France', 4, '2018-10-06');
INSERT INTO public.buy VALUES (8, 194, 119, '312 Knutson Parkway, Pouébo, New Caledonia', 4, '2018-10-16');
INSERT INTO public.buy VALUES (99, 146, 116, '968 Columbus Park, Marne-la-Vallée, France', 1, '2019-02-05');
INSERT INTO public.buy VALUES (34, 194, 237, '8494 Waywood Hill, Le Havre, France', 3, '2019-03-09');
INSERT INTO public.buy VALUES (36, 104, 11, '1028 Troy Point, Nice, France', 6, '2019-01-26');
INSERT INTO public.buy VALUES (6, 171, 82, '300 Mitchell Junction, Saint-Péray, France', 1, '2019-02-10');
INSERT INTO public.buy VALUES (46, 74, 135, '2713 Red Cloud Circle, Le Havre, France', 3, '2018-12-22');
INSERT INTO public.buy VALUES (58, 59, 36, '1028 Troy Point, Nice, France', 2, '2018-12-07');
INSERT INTO public.buy VALUES (19, 63, 30, '04 Kenwood Trail, Nantes, France', 6, '2019-03-14');
INSERT INTO public.buy VALUES (8, 109, 300, '9812 Warrior Alley, Troyes, France', 2, '2019-06-07');
INSERT INTO public.buy VALUES (3, 6, 244, '01 Merrick Parkway, Marne-la-Vallée, France', 3, '2019-02-13');
INSERT INTO public.buy VALUES (52, 55, 173, '4 Kenwood Center, Carlton, United Kingdom', 2, '2019-05-07');
INSERT INTO public.buy VALUES (81, 187, 164, '11761 Mayfield Court, Pau, France', 1, '2018-12-24');
INSERT INTO public.buy VALUES (3, 146, 167, '4881 Banding Place, Brest, France', 1, '2018-09-14');
INSERT INTO public.buy VALUES (13, 35, 229, '3 Golf View Hill, Nantes, France', 4, '2018-08-15');
INSERT INTO public.buy VALUES (13, 174, 148, '583 Green Ridge Road, Aix-en-Provence, France', 5, '2018-09-26');
INSERT INTO public.buy VALUES (45, 35, 4, '66 Twin Pines Street, Lyon, France', 5, '2019-02-28');
INSERT INTO public.buy VALUES (86, 169, 300, '7964 Old Shore Center, Orléans, France', 2, '2019-06-07');
INSERT INTO public.buy VALUES (9, 81, 89, '77121 Pleasure Lane, Bonneville, France', 4, '2018-09-30');
INSERT INTO public.buy VALUES (41, 97, 100, '9376 Forest Run Court, Gif-sur-Yvette, France', 1, '2019-06-03');
INSERT INTO public.buy VALUES (44, 110, 206, '24 Gulseth Hill, Troyes, France', 6, '2019-04-25');
INSERT INTO public.buy VALUES (26, 88, 280, '90 Columbus Circle, Kinloch, United Kingdom', 2, '2019-03-27');
INSERT INTO public.buy VALUES (63, 27, 42, '83 Commercial Road, Caen, France', 2, '2018-10-07');
INSERT INTO public.buy VALUES (20, 108, 263, '720 Forest Dale Crossing, Villefranche-sur-Mer, France', 4, '2019-01-22');
INSERT INTO public.buy VALUES (83, 117, 178, '199 Ryan Junction, Norton, United Kingdom', 4, '2019-01-20');
INSERT INTO public.buy VALUES (48, 112, 265, '173 Stone Corner Terrace, Sydney, Australia', 1, '2019-05-20');
INSERT INTO public.buy VALUES (9, 197, 101, '9 Southridge Parkway, Le Mans, France', 3, '2019-01-27');
INSERT INTO public.buy VALUES (100, 180, 180, '82 Cordelia Street, Marseille, France', 4, '2019-03-07');
INSERT INTO public.buy VALUES (2, 144, 20, '42812 Lighthouse Bay Pass, Brest, France', 5, '2019-06-19');
INSERT INTO public.buy VALUES (29, 38, 261, '4 Hanover Terrace, Thames, New Zealand', 3, '2019-04-14');
INSERT INTO public.buy VALUES (12, 192, 13, '9009 Center Drive, Lons-le-Saunier, France', 3, '2019-01-07');
INSERT INTO public.buy VALUES (48, 130, 195, '5651 Leroy Drive, Carcassonne, France', 3, '2019-05-26');
INSERT INTO public.buy VALUES (9, 151, 195, '62665 Bartelt Center, Lyon, France', 3, '2019-05-10');
INSERT INTO public.buy VALUES (8, 50, 226, '12 Grim Point, Paris 07, France', 4, '2019-01-22');
INSERT INTO public.buy VALUES (84, 6, 148, '0791 Johnson Terrace, Châteauroux, France', 3, '2019-06-17');
INSERT INTO public.buy VALUES (16, 47, 235, '498 Fuller Pass, Fécamp, France', 2, '2019-06-07');
INSERT INTO public.buy VALUES (83, 7, 130, '9345 Coolidge Lane, Ngaruawahia, New Zealand', 1, '2019-01-16');
INSERT INTO public.buy VALUES (32, 169, 141, '11761 Mayfield Court, Pau, France', 5, '2019-06-04');
INSERT INTO public.buy VALUES (84, 25, 279, '11761 Mayfield Court, Pau, France', 3, '2019-05-23');
INSERT INTO public.buy VALUES (27, 29, 145, '7 Lillian Hill, Saint-Denis, France', 4, '2018-10-23');
INSERT INTO public.buy VALUES (36, 187, 2, '9 Eastwood Park, Angers, France', 6, '2018-10-02');
INSERT INTO public.buy VALUES (66, 89, 96, '42 Rowland Avenue, Coulommiers, France', 4, '2019-03-25');
INSERT INTO public.buy VALUES (50, 96, 234, '4280 Eastlawn Avenue, Vitry-le-François, France', 6, '2018-07-19');
INSERT INTO public.buy VALUES (47, 129, 39, '0633 Fulton Court, Takanini, New Zealand', 2, '2018-09-11');
INSERT INTO public.buy VALUES (87, 34, 157, '44 Morning Parkway, East End, United Kingdom', 5, '2018-10-18');
INSERT INTO public.buy VALUES (3, 163, 42, '07 Oneill Circle, La Garenne-Colombes, France', 5, '2019-03-17');
INSERT INTO public.buy VALUES (51, 13, 264, '5807 Moulton Street, Pontarlier, France', 3, '2018-11-02');
INSERT INTO public.buy VALUES (3, 170, 300, '97 Darwin Way, Hyères, France', 5, '2019-06-05');
INSERT INTO public.buy VALUES (75, 197, 228, '9178 Swallow Circle, Paris 17, France', 4, '2018-11-18');
INSERT INTO public.buy VALUES (24, 77, 126, '992 Shopko Alley, Schirmeck, France', 3, '2018-12-14');
INSERT INTO public.buy VALUES (80, 81, 116, '3804 Dwight Road, Adelaide Mail Centre, Australia', 3, '2018-07-10');
INSERT INTO public.buy VALUES (81, 55, 198, '26575 Claremont Terrace, Ivry-sur-Seine, France', 2, '2019-03-24');
INSERT INTO public.buy VALUES (74, 39, 273, '9 Walton Park, Papatowai, New Zealand', 6, '2018-12-05');
INSERT INTO public.buy VALUES (93, 25, 15, '60 Merry Center, Orange, France', 6, '2018-10-02');
INSERT INTO public.buy VALUES (51, 194, 191, '25953 Surrey Drive, Brest, France', 3, '2019-04-06');
INSERT INTO public.buy VALUES (34, 74, 57, '982 Coolidge Street, Paris 10, France', 2, '2018-08-23');
INSERT INTO public.buy VALUES (33, 25, 139, '6 Burning Wood Parkway, Chantilly, France', 5, '2019-03-02');
INSERT INTO public.buy VALUES (50, 23, 51, '9256 Buell Center, Lille, France', 5, '2019-04-30');
INSERT INTO public.buy VALUES (74, 139, 255, '200 Truax Court, Chartres, France', 5, '2019-06-21');
INSERT INTO public.buy VALUES (56, 34, 261, '82788 Vermont Lane, Vitrolles, France', 2, '2018-11-22');
INSERT INTO public.buy VALUES (81, 38, 270, '59 Troy Junction, West End, United Kingdom', 1, '2019-03-20');
INSERT INTO public.buy VALUES (12, 96, 268, '13373 Crowley Terrace, Laxou, France', 1, '2019-01-16');
INSERT INTO public.buy VALUES (17, 109, 78, '3 Riverside Parkway, Caen, France', 5, '2019-03-31');
INSERT INTO public.buy VALUES (69, 171, 135, '50785 Prentice Circle, Melun, France', 5, '2019-01-18');
INSERT INTO public.buy VALUES (10, 60, 27, '4 7th Road, Orly aérogare, France', 4, '2018-07-30');
INSERT INTO public.buy VALUES (14, 146, 29, '2 Algoma Park, Apt, France', 5, '2018-07-04');
INSERT INTO public.buy VALUES (8, 117, 65, '966 Ryan Circle, Tours, France', 4, '2019-01-30');
INSERT INTO public.buy VALUES (28, 85, 288, '4 Corscot Hill, Cambrai, France', 2, '2019-01-28');
INSERT INTO public.buy VALUES (89, 59, 213, '78 Kim Street, Takanini, New Zealand', 1, '2018-07-27');
INSERT INTO public.buy VALUES (24, 86, 195, '1474 Homewood Court, Orléans, France', 3, '2019-02-22');
INSERT INTO public.buy VALUES (7, 150, 79, '49644 Reindahl Road, Winton, New Zealand', 4, '2018-10-26');
INSERT INTO public.buy VALUES (35, 46, 271, '26305 Sugar Place, Massy, France', 1, '2018-12-05');
INSERT INTO public.buy VALUES (54, 92, 139, '5870 Nobel Crossing, Valence, France', 1, '2018-09-08');
INSERT INTO public.buy VALUES (3, 165, 100, '9145 Laurel Junction, Newtown, United Kingdom', 6, '2019-03-23');
INSERT INTO public.buy VALUES (73, 196, 82, '941 Butterfield Center, Blois, France', 4, '2018-12-11');
INSERT INTO public.buy VALUES (7, 173, 297, '0 Scofield Court, Plérin, France', 2, '2019-01-22');
INSERT INTO public.buy VALUES (39, 180, 78, '637 Old Gate Point, Montbéliard, France', 1, '2019-01-18');
INSERT INTO public.buy VALUES (42, 38, 273, '47 Dexter Lane, Argenteuil, France', 2, '2018-12-24');
INSERT INTO public.buy VALUES (51, 25, 131, '5651 Leroy Drive, Carcassonne, France', 3, '2018-07-14');
INSERT INTO public.buy VALUES (28, 17, 218, '5803 Meadow Valley Street, Koumac, New Caledonia', 1, '2018-08-21');
INSERT INTO public.buy VALUES (65, 195, 246, '89 Little Fleur Junction, Sydney, Australia', 6, '2018-11-23');
INSERT INTO public.buy VALUES (74, 150, 284, '3442 Eliot Parkway, Wootton, United Kingdom', 1, '2019-06-17');
INSERT INTO public.buy VALUES (29, 115, 266, '10342 Atwood Drive, Caen, France', 2, '2018-09-26');
INSERT INTO public.buy VALUES (10, 196, 173, '5695 Old Shore Drive, Swindon, United Kingdom', 3, '2018-10-14');
INSERT INTO public.buy VALUES (64, 116, 277, '90 Kipling Road, Labège, France', 1, '2019-03-23');
INSERT INTO public.buy VALUES (5, 106, 218, '088 Warbler Place, Hendaye, France', 6, '2018-11-13');
INSERT INTO public.buy VALUES (49, 133, 65, '487 Gulseth Circle, Sannois, France', 3, '2019-06-02');
INSERT INTO public.buy VALUES (4, 180, 192, '20 Farragut Hill, Wissembourg, France', 5, '2019-06-17');
INSERT INTO public.buy VALUES (70, 112, 240, '00304 Artisan Crossing, Ford, United Kingdom', 5, '2018-11-01');
INSERT INTO public.buy VALUES (44, 129, 39, '63 Tony Street, Amiens, France', 2, '2018-08-04');
INSERT INTO public.buy VALUES (4, 19, 179, '06 Fuller Circle, Floirac, France', 6, '2018-11-10');
INSERT INTO public.buy VALUES (7, 96, 286, '07955 Elmside Lane, Gennevilliers, France', 2, '2018-09-15');
INSERT INTO public.buy VALUES (97, 6, 142, '292 Sunbrook Terrace, Cavaillon, France', 6, '2018-12-11');
INSERT INTO public.buy VALUES (78, 124, 157, '9 Upham Plaza, Nantes, France', 4, '2018-07-07');
INSERT INTO public.buy VALUES (11, 195, 14, '2713 Red Cloud Circle, Le Havre, France', 6, '2019-02-10');
INSERT INTO public.buy VALUES (96, 190, 157, '8469 Victoria Lane, Chambéry, France', 3, '2018-12-14');
INSERT INTO public.buy VALUES (28, 198, 70, '0109 Tennessee Drive, Rouen, France', 3, '2018-07-25');
INSERT INTO public.buy VALUES (98, 129, 73, '7392 6th Pass, Colombes, France', 3, '2019-05-21');
INSERT INTO public.buy VALUES (68, 174, 171, '33 Dovetail Hill, Évreux, France', 1, '2018-07-13');
INSERT INTO public.buy VALUES (52, 151, 104, '24 Graedel Trail, Saint-Louis, France', 6, '2019-03-08');
INSERT INTO public.buy VALUES (43, 117, 181, '2838 Shoshone Avenue, Toulouse, France', 5, '2019-03-10');
INSERT INTO public.buy VALUES (2, 123, 123, '8 2nd Street, Montpellier, France', 2, '2019-02-09');
INSERT INTO public.buy VALUES (11, 28, 282, '91367 Anderson Court, Amiens, France', 3, '2018-10-24');
INSERT INTO public.buy VALUES (82, 83, 151, '3766 Thierer Place, Toulouse, France', 3, '2018-11-16');
INSERT INTO public.buy VALUES (7, 124, 158, '7 Red Cloud Place, Vannes, France', 5, '2019-06-17');
INSERT INTO public.buy VALUES (30, 149, 177, '26 Northwestern Street, Dijon, France', 5, '2018-11-05');
INSERT INTO public.buy VALUES (90, 12, 248, '543 Green Ridge Crossing, Nîmes, France', 1, '2018-08-05');
INSERT INTO public.buy VALUES (51, 22, 249, '778 Northport Way, Vittel, France', 2, '2019-04-03');
INSERT INTO public.buy VALUES (70, 182, 258, '08949 Karstens Terrace, Tulle, France', 5, '2019-04-10');
INSERT INTO public.buy VALUES (79, 83, 149, '110 Jana Plaza, Bordeaux, France', 2, '2018-12-18');
INSERT INTO public.buy VALUES (29, 154, 140, '01845 Express Lane, Sarlat-la-Canéda, France', 5, '2018-08-23');
INSERT INTO public.buy VALUES (23, 75, 26, '8 Veith Center, Juvisy-sur-Orge, France', 4, '2018-08-05');
INSERT INTO public.buy VALUES (89, 169, 94, '2 Algoma Park, Apt, France', 2, '2019-02-13');
INSERT INTO public.buy VALUES (51, 124, 235, '2 Pierstorff Crossing, Nantes, France', 1, '2018-07-06');
INSERT INTO public.buy VALUES (75, 35, 189, '6 Sunfield Crossing, Grenoble, France', 6, '2019-06-14');
INSERT INTO public.buy VALUES (70, 168, 180, '8 Magdeline Alley, Nogent-sur-Marne, France', 4, '2018-11-26');
INSERT INTO public.buy VALUES (89, 89, 207, '40 Fordem Point, Montpellier, France', 1, '2019-05-17');
INSERT INTO public.buy VALUES (85, 68, 1, '7117 Marcy Trail, Vernon, France', 1, '2018-09-28');
INSERT INTO public.buy VALUES (87, 106, 298, '12529 Lake View Junction, Pau, France', 3, '2018-10-27');
INSERT INTO public.buy VALUES (30, 121, 133, '9095 Magdeline Circle, Saint-Brieuc, France', 3, '2019-01-24');
INSERT INTO public.buy VALUES (80, 179, 67, '25202 Continental Alley, Rungis, France', 4, '2019-06-21');
INSERT INTO public.buy VALUES (81, 75, 211, '958 Ridgeview Way, Issoire, France', 5, '2019-01-07');
INSERT INTO public.buy VALUES (9, 80, 109, '32468 Petterle Way, Saint-Quentin-en-Yvelines, France', 4, '2019-02-03');
INSERT INTO public.buy VALUES (53, 66, 208, '613 Westport Crossing, Perpignan, France', 1, '2018-08-18');
INSERT INTO public.buy VALUES (39, 124, 232, '76663 High Crossing Court, Mâcon, France', 4, '2018-08-12');
INSERT INTO public.buy VALUES (10, 156, 13, '8 Eggendart Road, Châteauroux, France', 1, '2018-09-25');
INSERT INTO public.buy VALUES (45, 160, 153, '446 Jana Junction, Roanne, France', 2, '2018-10-18');
INSERT INTO public.buy VALUES (70, 15, 143, '7 Lindbergh Park, Marcq-en-Barœul, France', 6, '2018-08-22');
INSERT INTO public.buy VALUES (66, 11, 56, '8469 Victoria Lane, Chambéry, France', 6, '2019-02-04');
INSERT INTO public.buy VALUES (53, 102, 234, '9809 Drewry Place, Napier, New Zealand', 5, '2018-09-11');
INSERT INTO public.buy VALUES (22, 111, 206, '9 Leroy Court, Montpellier, France', 4, '2019-03-19');
INSERT INTO public.buy VALUES (55, 167, 110, '7356 Troy Street, Noyon, France', 5, '2018-12-21');
INSERT INTO public.buy VALUES (88, 102, 14, '4 Warbler Court, Vannes, France', 5, '2018-07-14');
INSERT INTO public.buy VALUES (54, 186, 123, '4 Warbler Court, Vannes, France', 6, '2019-05-26');
INSERT INTO public.buy VALUES (22, 187, 198, '70 Banding Trail, Lille, France', 3, '2019-01-17');
INSERT INTO public.buy VALUES (66, 106, 144, '641 Elka Point, Savigny-le-Temple, France', 5, '2018-09-02');
INSERT INTO public.buy VALUES (55, 159, 101, '7971 Straubel Trail, La Roche-sur-Yon, France', 6, '2018-12-31');
INSERT INTO public.buy VALUES (64, 91, 280, '5 Lawn Road, Nancy, France', 2, '2018-11-19');
INSERT INTO public.buy VALUES (53, 175, 53, '180 Clove Terrace, Nice, France', 1, '2018-08-14');
INSERT INTO public.buy VALUES (73, 174, 298, '0 Gina Pass, Lacroix-Saint-Ouen, France', 1, '2018-12-09');
INSERT INTO public.buy VALUES (27, 78, 138, '49056 Bowman Point, Provins, France', 6, '2019-03-12');
INSERT INTO public.buy VALUES (86, 198, 147, '339 Oakridge Way, Chambray-lès-Tours, France', 2, '2018-10-15');
INSERT INTO public.buy VALUES (19, 118, 87, '4 Miller Way, Valence, France', 1, '2018-08-07');
INSERT INTO public.buy VALUES (16, 150, 256, '225 Springview Terrace, Arras, France', 1, '2019-05-20');
INSERT INTO public.buy VALUES (65, 128, 24, '08362 Village Green Pass, Lyon, France', 2, '2019-04-14');
INSERT INTO public.buy VALUES (34, 50, 246, '05 Buhler Way, Provins, France', 5, '2018-07-08');
INSERT INTO public.buy VALUES (75, 188, 290, '2 Myrtle Alley, Mont-Saint-Aignan, France', 1, '2018-11-08');
INSERT INTO public.buy VALUES (70, 157, 76, '59 Barby Lane, Antony, France', 6, '2018-09-14');
INSERT INTO public.buy VALUES (58, 160, 187, '948 Bluejay Lane, La Gacilly, France', 6, '2018-11-09');
INSERT INTO public.buy VALUES (50, 15, 21, '2 Tennyson Way, Paris 16, France', 3, '2019-01-05');
INSERT INTO public.buy VALUES (3, 109, 66, '35 Longview Alley, Metz, France', 3, '2019-01-13');
INSERT INTO public.buy VALUES (45, 43, 197, '78403 Dixon Parkway, Limoges, France', 4, '2018-12-21');
INSERT INTO public.buy VALUES (72, 190, 122, '5 Grasskamp Lane, Albertville, France', 1, '2018-08-18');
INSERT INTO public.buy VALUES (62, 101, 44, '268 Eggendart Terrace, La Charité-sur-Loire, France', 3, '2019-05-18');
INSERT INTO public.buy VALUES (73, 103, 103, '948 Bluejay Lane, La Gacilly, France', 1, '2018-12-29');
INSERT INTO public.buy VALUES (80, 168, 192, '4280 Eastlawn Avenue, Vitry-le-François, France', 1, '2019-05-03');
INSERT INTO public.buy VALUES (94, 85, 151, '8494 Waywood Hill, Le Havre, France', 3, '2018-08-22');
INSERT INTO public.buy VALUES (62, 35, 220, '40 Knutson Plaza, La Plaine-Saint-Denis, France', 5, '2018-11-08');
INSERT INTO public.buy VALUES (43, 139, 65, '128 Bowman Way, Montargis, France', 5, '2018-11-23');
INSERT INTO public.buy VALUES (65, 109, 126, '5 Clarendon Way, Cholet, France', 1, '2019-06-27');
INSERT INTO public.buy VALUES (14, 19, 41, '8077 Reinke Pass, Montceau-les-Mines, France', 3, '2019-03-04');
INSERT INTO public.buy VALUES (13, 104, 28, '056 Menomonie Alley, Courtaboeuf, France', 5, '2019-03-04');
INSERT INTO public.buy VALUES (98, 93, 298, '7417 Eagan Point, Cluses, France', 5, '2019-06-15');
INSERT INTO public.buy VALUES (37, 143, 155, '9 Debra Point, Arras, France', 1, '2019-06-22');
INSERT INTO public.buy VALUES (8, 21, 29, '08 Barnett Junction, Aix-en-Provence, France', 5, '2018-10-30');
INSERT INTO public.buy VALUES (22, 171, 234, '11761 Mayfield Court, Pau, France', 5, '2019-02-15');
INSERT INTO public.buy VALUES (8, 67, 209, '6822 Vermont Center, Ngaruawahia, New Zealand', 3, '2018-12-06');
INSERT INTO public.buy VALUES (70, 74, 194, '8 Duke Alley, Nouméa, New Caledonia', 5, '2018-12-01');
INSERT INTO public.buy VALUES (30, 14, 77, '7354 Elka Street, Lyon, France', 6, '2019-03-24');
INSERT INTO public.buy VALUES (77, 62, 202, '52 Debra Avenue, Arpajon, France', 4, '2019-02-16');
INSERT INTO public.buy VALUES (62, 125, 106, '2 Rusk Drive, Brooklyn, New Zealand', 4, '2018-08-12');
INSERT INTO public.buy VALUES (55, 116, 228, '0 Annamark Crossing, Vitrolles, France', 2, '2019-02-24');
INSERT INTO public.buy VALUES (94, 82, 202, '49880 Stone Corner Drive, Toulon, France', 6, '2019-03-24');
INSERT INTO public.buy VALUES (96, 174, 206, '7971 Straubel Trail, La Roche-sur-Yon, France', 2, '2018-08-14');
INSERT INTO public.buy VALUES (15, 105, 92, '295 Dunning Junction, Lille, France', 3, '2018-07-26');
INSERT INTO public.buy VALUES (99, 196, 87, '5687 Susan Hill, Levallois-Perret, France', 6, '2019-06-28');
INSERT INTO public.buy VALUES (33, 195, 35, '338 Londonderry Avenue, Cergy-Pontoise, France', 1, '2019-05-23');
INSERT INTO public.buy VALUES (26, 42, 94, '5 Dottie Street, Limoges, France', 6, '2018-08-20');
INSERT INTO public.buy VALUES (53, 199, 174, '13 Bluestem Parkway, Illkirch-Graffenstaden, France', 1, '2019-04-27');
INSERT INTO public.buy VALUES (61, 27, 205, '606 Monument Pass, Avon, France', 3, '2019-01-29');
INSERT INTO public.buy VALUES (26, 149, 193, '3698 Dayton Parkway, Levallois-Perret, France', 6, '2019-01-25');
INSERT INTO public.buy VALUES (27, 92, 132, '16 Gerald Crossing, Montélimar, France', 5, '2019-03-24');
INSERT INTO public.buy VALUES (12, 52, 292, '5 Morning Junction, Bastia, France', 6, '2019-05-19');
INSERT INTO public.buy VALUES (43, 183, 145, '80729 Talisman Lane, Poitiers, France', 1, '2018-10-16');
INSERT INTO public.buy VALUES (28, 57, 300, '2436 Corscot Terrace, Tassin-la-Demi-Lune, France', 3, '2018-07-12');
INSERT INTO public.buy VALUES (20, 169, 288, '12529 Lake View Junction, Pau, France', 1, '2018-11-16');
INSERT INTO public.buy VALUES (37, 87, 233, '305 Meadow Vale Drive, Vitrolles, France', 5, '2019-04-07');
INSERT INTO public.buy VALUES (7, 147, 131, '0 Mayfield Parkway, Coromandel, New Zealand', 1, '2019-01-06');
INSERT INTO public.buy VALUES (16, 167, 297, '173 Stone Corner Terrace, Sydney, Australia', 4, '2019-04-17');
INSERT INTO public.buy VALUES (62, 174, 295, '17 Pond Court, West End, United Kingdom', 4, '2018-07-13');
INSERT INTO public.buy VALUES (13, 4, 271, '28912 Stuart Way, Suresnes, France', 2, '2018-11-21');
INSERT INTO public.buy VALUES (100, 53, 72, '990 Union Park, Aston, United Kingdom', 6, '2019-03-20');
INSERT INTO public.buy VALUES (59, 172, 41, '17262 Bultman Trail, Paris La Défense, France', 5, '2019-03-20');
INSERT INTO public.buy VALUES (89, 37, 148, '8808 Pepper Wood Parkway, Nîmes, France', 3, '2018-09-16');
INSERT INTO public.buy VALUES (39, 20, 151, '717 Kropf Drive, Eaubonne, France', 2, '2019-02-17');
INSERT INTO public.buy VALUES (22, 44, 197, '86 Arrowood Pass, Metz, France', 3, '2018-09-04');
INSERT INTO public.buy VALUES (14, 149, 137, '6 Lake View Alley, Glasgow, United Kingdom', 2, '2018-11-30');
INSERT INTO public.buy VALUES (13, 73, 12, '79028 Buhler Drive, Caen, France', 1, '2018-08-01');
INSERT INTO public.buy VALUES (30, 15, 123, '787 Declaration Drive, Paris 15, France', 3, '2018-09-29');
INSERT INTO public.buy VALUES (56, 95, 268, '7921 Manitowish Lane, Nuits-Saint-Georges, France', 6, '2018-07-21');
INSERT INTO public.buy VALUES (10, 59, 82, '671 Eliot Alley, Manukau City, New Zealand', 6, '2019-03-19');
INSERT INTO public.buy VALUES (69, 46, 237, '4879 Kinsman Hill, Nanterre, France', 1, '2019-04-05');
INSERT INTO public.buy VALUES (55, 200, 80, '1 Corscot Junction, Paris 09, France', 4, '2019-02-28');
INSERT INTO public.buy VALUES (57, 200, 95, '78403 Dixon Parkway, Limoges, France', 1, '2018-10-19');
INSERT INTO public.buy VALUES (44, 71, 112, '4 Manitowish Lane, Cholet, France', 5, '2019-03-11');
INSERT INTO public.buy VALUES (98, 90, 191, '5357 Judy Drive, Maisons-Laffitte, France', 1, '2018-12-28');
INSERT INTO public.buy VALUES (29, 150, 134, '40 Knutson Plaza, La Plaine-Saint-Denis, France', 5, '2019-02-07');
INSERT INTO public.buy VALUES (72, 111, 190, '57991 Jenna Avenue, Creil, France', 3, '2019-03-23');
INSERT INTO public.buy VALUES (37, 99, 103, '6608 Swallow Avenue, Cesson, France', 2, '2019-04-11');
INSERT INTO public.buy VALUES (51, 167, 182, '230 Charing Cross Place, Orsay, France', 3, '2019-03-11');
INSERT INTO public.buy VALUES (83, 173, 157, '02 Doe Crossing Avenue, Périgny, France', 2, '2018-10-27');
INSERT INTO public.buy VALUES (38, 73, 61, '58 Florence Hill, London, United Kingdom', 5, '2018-07-09');
INSERT INTO public.buy VALUES (81, 67, 170, '564 Northview Junction, Cernay, France', 6, '2019-03-03');
INSERT INTO public.buy VALUES (55, 94, 74, '4 7th Road, Orly aérogare, France', 2, '2018-11-29');
INSERT INTO public.buy VALUES (21, 122, 225, '7558 Waxwing Point, Roissy Charles-de-Gaulle, France', 6, '2019-03-11');
INSERT INTO public.buy VALUES (22, 55, 261, '9490 Thierer Street, Lyon, France', 2, '2018-11-17');
INSERT INTO public.buy VALUES (16, 56, 166, '82509 Starling Center, Rennes, France', 5, '2019-06-12');
INSERT INTO public.buy VALUES (3, 131, 150, '867 2nd Circle, Pontarlier, France', 2, '2019-06-09');
INSERT INTO public.buy VALUES (86, 111, 19, '18 Calypso Junction, Rouen, France', 2, '2018-11-16');
INSERT INTO public.buy VALUES (43, 32, 150, '286 Tony Junction, Dieppe, France', 5, '2018-12-25');
INSERT INTO public.buy VALUES (88, 59, 243, '2 Twin Pines Junction, Hénin-Beaumont, France', 4, '2019-04-11');
INSERT INTO public.buy VALUES (30, 49, 28, '805 Katie Alley, Alençon, France', 5, '2019-04-12');
INSERT INTO public.buy VALUES (62, 91, 13, '0 Mayfield Parkway, Coromandel, New Zealand', 4, '2018-10-13');
INSERT INTO public.buy VALUES (30, 51, 270, '55 Caliangt Circle, Le Havre, France', 3, '2018-10-25');
INSERT INTO public.buy VALUES (39, 173, 230, '8 Walton Place, La Ferté-Bernard, France', 1, '2018-10-16');
INSERT INTO public.buy VALUES (53, 26, 82, '85998 Erie Place, Marseille, France', 4, '2018-09-19');
INSERT INTO public.buy VALUES (32, 150, 242, '27991 Dapin Pass, Montesson, France', 6, '2018-10-20');
INSERT INTO public.buy VALUES (18, 139, 287, '17 Vera Street, Saint-Quentin-en-Yvelines, France', 5, '2018-10-24');
INSERT INTO public.buy VALUES (14, 165, 232, '04 Kenwood Trail, Nantes, France', 2, '2018-12-22');
INSERT INTO public.buy VALUES (74, 93, 238, '926 Surrey Point, Thaon-les-Vosges, France', 3, '2019-03-15');
INSERT INTO public.buy VALUES (46, 155, 96, '0 Acker Terrace, Montélimar, France', 6, '2019-05-01');
INSERT INTO public.buy VALUES (85, 17, 87, '207 Clemons Court, Whitchurch, United Kingdom', 1, '2019-04-28');
INSERT INTO public.buy VALUES (25, 52, 274, '5331 Schiller Pass, Décines-Charpieu, France', 2, '2018-09-20');
INSERT INTO public.buy VALUES (80, 143, 199, '33 Scoville Park, Futuroscope, France', 1, '2018-12-16');
INSERT INTO public.buy VALUES (51, 98, 117, '6 Parkside Court, Paris 16, France', 4, '2019-05-30');
INSERT INTO public.buy VALUES (76, 65, 111, '91 Farwell Plaza, Avignon, France', 1, '2018-12-13');
INSERT INTO public.buy VALUES (28, 176, 225, '9376 Forest Run Court, Gif-sur-Yvette, France', 4, '2019-01-14');
INSERT INTO public.buy VALUES (19, 132, 63, '1821 Forster Street, Ussel, France', 4, '2018-12-11');
INSERT INTO public.buy VALUES (29, 37, 2, '01637 Bartelt Street, Angers, France', 3, '2019-04-09');
INSERT INTO public.buy VALUES (82, 125, 85, '66 Twin Pines Street, Lyon, France', 2, '2018-12-14');
INSERT INTO public.buy VALUES (96, 167, 242, '1978 Fisk Trail, Golbey, France', 6, '2018-07-29');
INSERT INTO public.buy VALUES (30, 59, 224, '49880 Stone Corner Drive, Toulon, France', 2, '2018-12-20');
INSERT INTO public.buy VALUES (10, 18, 275, '613 Westport Crossing, Perpignan, France', 6, '2019-04-14');
INSERT INTO public.buy VALUES (63, 185, 279, '09 Grayhawk Place, Cholet, France', 1, '2019-02-19');
INSERT INTO public.buy VALUES (23, 95, 32, '8808 Pepper Wood Parkway, Nîmes, France', 6, '2018-07-28');
INSERT INTO public.buy VALUES (22, 7, 101, '25 Mockingbird Parkway, Digne-les-Bains, France', 3, '2019-02-17');
INSERT INTO public.buy VALUES (79, 167, 38, '23 Valley Edge Pass, Montaigu, France', 1, '2019-04-20');
INSERT INTO public.buy VALUES (56, 190, 82, '20 Schmedeman Street, Ivry-sur-Seine, France', 3, '2018-07-08');
INSERT INTO public.buy VALUES (60, 131, 161, '3 Dahle Junction, Noyal-sur-Vilaine, France', 2, '2019-03-01');
INSERT INTO public.buy VALUES (25, 166, 122, '999 Ryan Pass, Seaton, United Kingdom', 6, '2019-06-01');
INSERT INTO public.buy VALUES (95, 115, 75, '8005 Donald Hill, Paris 15, France', 5, '2019-02-02');
INSERT INTO public.buy VALUES (68, 15, 272, '74697 Fair Oaks Crossing, Béthune, France', 4, '2018-12-13');
INSERT INTO public.buy VALUES (88, 92, 229, '3 Riverside Parkway, Caen, France', 6, '2019-05-17');
INSERT INTO public.buy VALUES (8, 195, 156, '9345 Coolidge Lane, Ngaruawahia, New Zealand', 2, '2018-12-23');
INSERT INTO public.buy VALUES (27, 198, 192, '40 Dakota Trail, Rueil-Malmaison, France', 4, '2019-06-16');
INSERT INTO public.buy VALUES (18, 55, 23, '44 Kinsman Park, Coulommiers, France', 4, '2019-05-15');
INSERT INTO public.buy VALUES (90, 94, 194, '64618 Miller Trail, Lons-le-Saunier, France', 3, '2019-05-01');
INSERT INTO public.buy VALUES (62, 135, 112, '33 Scoville Park, Futuroscope, France', 2, '2019-02-19');
INSERT INTO public.buy VALUES (93, 81, 6, '454 Glendale Alley, Bondy, France', 2, '2019-02-27');
INSERT INTO public.buy VALUES (63, 159, 197, '2585 Cottonwood Parkway, Manosque, France', 2, '2018-07-25');
INSERT INTO public.buy VALUES (11, 111, 149, '8 Northland Point, Montpellier, France', 5, '2019-04-07');
INSERT INTO public.buy VALUES (14, 172, 33, '63217 Fieldstone Center, Châtillon, France', 4, '2018-09-10');
INSERT INTO public.buy VALUES (79, 187, 220, '05 Elmside Hill, Melbourne, Australia', 5, '2019-02-13');
INSERT INTO public.buy VALUES (58, 171, 147, '9 Dahle Lane, Châlons-en-Champagne, France', 1, '2018-09-08');
INSERT INTO public.buy VALUES (93, 134, 224, '3480 Luster Junction, Wellington, New Zealand', 6, '2018-09-14');
INSERT INTO public.buy VALUES (98, 126, 105, '984 North Court, Saint-Quentin-Fallavier, France', 5, '2019-01-26');
INSERT INTO public.buy VALUES (22, 176, 134, '73436 Oneill Lane, Saint-Quentin-en-Yvelines, France', 5, '2019-02-05');
INSERT INTO public.buy VALUES (58, 126, 209, '7 Fulton Road, Lyon, France', 6, '2019-03-25');
INSERT INTO public.buy VALUES (31, 8, 252, '7117 Marcy Trail, Vernon, France', 2, '2019-04-16');
INSERT INTO public.buy VALUES (21, 88, 147, '25 Valley Edge Place, Limoges, France', 1, '2019-03-20');
INSERT INTO public.buy VALUES (9, 10, 203, '0514 Stuart Circle, Sydney, Australia', 3, '2018-11-06');
INSERT INTO public.buy VALUES (58, 71, 285, '916 Warbler Junction, Issoire, France', 5, '2019-04-07');
INSERT INTO public.buy VALUES (72, 171, 204, '4 Twin Pines Parkway, Valence, France', 1, '2019-04-01');
INSERT INTO public.buy VALUES (47, 44, 23, '00304 Artisan Crossing, Ford, United Kingdom', 3, '2019-01-03');
INSERT INTO public.buy VALUES (43, 73, 120, '545 Shelley Place, Courtaboeuf, France', 5, '2018-10-05');
INSERT INTO public.buy VALUES (69, 135, 248, '18140 Mallard Terrace, Sydney, Australia', 2, '2018-11-21');
INSERT INTO public.buy VALUES (25, 195, 138, '2 Westport Hill, Brest, France', 5, '2018-09-21');
INSERT INTO public.buy VALUES (52, 15, 164, '268 Eggendart Terrace, La Charité-sur-Loire, France', 2, '2019-02-27');
INSERT INTO public.buy VALUES (79, 122, 124, '51137 Glacier Hill Parkway, Eybens, France', 1, '2019-04-17');
INSERT INTO public.buy VALUES (8, 81, 79, '80 Oakridge Park, Saint-Louis, France', 5, '2018-11-18');
INSERT INTO public.buy VALUES (86, 56, 246, '2 Waxwing Point, Évry, France', 6, '2018-12-31');
INSERT INTO public.buy VALUES (68, 150, 162, '02162 Donald Terrace, Cavaillon, France', 2, '2019-02-16');
INSERT INTO public.buy VALUES (93, 33, 116, '7 Troy Drive, Agen, France', 5, '2018-07-23');
INSERT INTO public.buy VALUES (85, 111, 42, '024 Transport Crossing, Roissy Charles-de-Gaulle, France', 4, '2018-11-21');
INSERT INTO public.buy VALUES (68, 196, 23, '47114 8th Center, Arnage, France', 6, '2019-04-12');
INSERT INTO public.buy VALUES (31, 46, 243, '9916 Rutledge Drive, Brampton, United Kingdom', 1, '2019-03-22');
INSERT INTO public.buy VALUES (73, 59, 93, '663 Westerfield Terrace, Marly, France', 2, '2018-12-12');
INSERT INTO public.buy VALUES (59, 44, 125, '443 Kropf Trail, Issy-les-Moulineaux, France', 5, '2019-04-22');
INSERT INTO public.buy VALUES (58, 181, 242, '0109 Tennessee Drive, Rouen, France', 3, '2019-05-28');
INSERT INTO public.buy VALUES (31, 187, 237, '33259 Red Cloud Pass, Sydney, Australia', 4, '2018-07-03');
INSERT INTO public.buy VALUES (55, 177, 135, '4 Pleasure Pass, Dieppe, France', 6, '2018-10-02');
INSERT INTO public.buy VALUES (27, 2, 271, '066 Golf Road, Créteil, France', 1, '2018-07-21');
INSERT INTO public.buy VALUES (5, 78, 23, '2 Jana Avenue, Orsay, France', 4, '2018-07-23');
INSERT INTO public.buy VALUES (59, 166, 255, '8360 Veith Lane, Angers, France', 6, '2019-02-17');
INSERT INTO public.buy VALUES (12, 9, 21, '8 Independence Street, Nice, France', 2, '2019-01-21');
INSERT INTO public.buy VALUES (57, 28, 108, '430 Cordelia Pass, Wasquehal, France', 3, '2018-11-21');
INSERT INTO public.buy VALUES (26, 171, 225, '68999 Hoard Circle, Paris 14, France', 5, '2019-06-17');
INSERT INTO public.buy VALUES (26, 177, 300, '882 Wayridge Trail, Lyon, France', 3, '2019-01-30');
INSERT INTO public.buy VALUES (65, 99, 187, '555 Portage Way, Timaru, New Zealand', 6, '2018-12-21');
INSERT INTO public.buy VALUES (49, 82, 184, '7574 Mosinee Circle, Paris La Défense, France', 2, '2019-02-10');
INSERT INTO public.buy VALUES (70, 189, 28, '6008 Hoffman Street, Poitiers, France', 6, '2019-05-26');
INSERT INTO public.buy VALUES (34, 17, 52, '24 Ruskin Terrace, Paris 01, France', 2, '2018-07-09');
INSERT INTO public.buy VALUES (87, 25, 262, '53 Burrows Way, Paris 09, France', 1, '2019-04-19');
INSERT INTO public.buy VALUES (64, 35, 165, '338 Londonderry Avenue, Cergy-Pontoise, France', 6, '2019-02-25');
INSERT INTO public.buy VALUES (15, 141, 54, '82 Cordelia Street, Marseille, France', 4, '2019-04-26');
INSERT INTO public.buy VALUES (9, 19, 166, '36 Stephen Place, Aix-en-Provence, France', 5, '2019-06-06');
INSERT INTO public.buy VALUES (34, 17, 270, '10858 West Lane, Montélimar, France', 2, '2019-06-29');
INSERT INTO public.buy VALUES (53, 19, 234, '22237 Fairfield Terrace, Mundolsheim, France', 1, '2019-02-15');
INSERT INTO public.buy VALUES (58, 62, 241, '443 Kropf Trail, Issy-les-Moulineaux, France', 3, '2019-05-04');
INSERT INTO public.buy VALUES (91, 55, 40, '966 Commercial Lane, Cournon-d''Auvergne, France', 3, '2019-02-19');
INSERT INTO public.buy VALUES (96, 122, 282, '1135 Sherman Way, Saint-Jean-de-Monts, France', 4, '2019-03-13');
INSERT INTO public.buy VALUES (38, 143, 186, '48523 3rd Court, Bordeaux, France', 3, '2018-10-15');
INSERT INTO public.buy VALUES (6, 72, 71, '642 Muir Center, Caen, France', 4, '2018-07-13');
INSERT INTO public.buy VALUES (88, 106, 109, '7751 Lakeland Way, Le Blanc-Mesnil, France', 4, '2018-07-26');
INSERT INTO public.buy VALUES (80, 151, 12, '0 Mariners Cove Street, Angers, France', 5, '2018-12-27');
INSERT INTO public.buy VALUES (47, 187, 190, '27991 Dapin Pass, Montesson, France', 4, '2018-10-31');
INSERT INTO public.buy VALUES (18, 182, 178, '3804 Dwight Road, Adelaide Mail Centre, Australia', 6, '2018-09-03');
INSERT INTO public.buy VALUES (23, 198, 254, '41980 Elka Place, Chelles, France', 3, '2018-11-04');
INSERT INTO public.buy VALUES (86, 191, 293, '17262 Bultman Trail, Paris La Défense, France', 1, '2018-09-24');
INSERT INTO public.buy VALUES (21, 170, 63, '10858 West Lane, Montélimar, France', 6, '2019-05-24');
INSERT INTO public.buy VALUES (3, 174, 247, '1 Towne Circle, Toulouse, France', 1, '2019-01-20');
INSERT INTO public.buy VALUES (84, 87, 234, '8839 Nancy Terrace, Denton, United Kingdom', 2, '2019-04-18');
INSERT INTO public.buy VALUES (17, 89, 117, '55 Caliangt Circle, Le Havre, France', 4, '2018-08-16');
INSERT INTO public.buy VALUES (52, 110, 45, '3887 American Ash Park, Grenoble, France', 3, '2018-10-12');
INSERT INTO public.buy VALUES (59, 185, 43, '72660 Heffernan Place, Bonneville, France', 2, '2019-03-02');
INSERT INTO public.buy VALUES (73, 61, 198, '496 Hallows Pass, Carpentras, France', 1, '2019-02-18');
INSERT INTO public.buy VALUES (14, 57, 258, '720 Forest Dale Crossing, Villefranche-sur-Mer, France', 2, '2018-10-08');
INSERT INTO public.buy VALUES (91, 173, 80, '57 Golf View Way, Taverny, France', 4, '2018-08-15');
INSERT INTO public.buy VALUES (90, 161, 111, '58 Florence Hill, London, United Kingdom', 3, '2018-11-10');
INSERT INTO public.buy VALUES (62, 184, 113, '3781 Troy Hill, Le Bourget-du-Lac, France', 6, '2019-06-29');
INSERT INTO public.buy VALUES (35, 22, 283, '04389 Golf View Alley, Saint-Herblain, France', 4, '2018-10-23');
INSERT INTO public.buy VALUES (11, 101, 137, '21932 Elka Hill, Cergy-Pontoise, France', 5, '2019-05-14');
INSERT INTO public.buy VALUES (95, 140, 44, '926 Surrey Point, Thaon-les-Vosges, France', 4, '2018-09-30');
INSERT INTO public.buy VALUES (94, 84, 176, '49644 Reindahl Road, Winton, New Zealand', 4, '2019-03-01');
INSERT INTO public.buy VALUES (78, 190, 134, '0412 Loeprich Center, Compiègne, France', 6, '2018-12-13');
INSERT INTO public.buy VALUES (26, 14, 224, '59 Vermont Lane, Besançon, France', 1, '2019-04-29');
INSERT INTO public.buy VALUES (34, 72, 293, '9248 Stang Drive, Nancy, France', 4, '2019-04-06');
INSERT INTO public.buy VALUES (26, 140, 69, '25953 Surrey Drive, Brest, France', 1, '2018-07-18');
INSERT INTO public.buy VALUES (76, 163, 89, '3 Bultman Parkway, Strasbourg, France', 2, '2018-11-01');
INSERT INTO public.buy VALUES (70, 64, 4, '04119 Cherokee Drive, Paris 16, France', 1, '2019-05-23');
INSERT INTO public.buy VALUES (15, 127, 82, '69 Huxley Parkway, Auch, France', 3, '2018-12-29');
INSERT INTO public.buy VALUES (22, 147, 32, '6 Eagle Crest Junction, Rambouillet, France', 3, '2018-08-20');
INSERT INTO public.buy VALUES (55, 70, 65, '43061 Northview Road, Rambouillet, France', 2, '2019-05-18');
INSERT INTO public.buy VALUES (30, 4, 195, '49003 Arkansas Drive, Bondoufle, France', 4, '2019-02-28');
INSERT INTO public.buy VALUES (32, 24, 47, '132 Hintze Junction, Landerneau, France', 5, '2018-07-12');
INSERT INTO public.buy VALUES (1, 61, 227, '9514 Dawn Crossing, Amboise, France', 5, '2018-11-14');
INSERT INTO public.buy VALUES (51, 49, 279, '4950 Nevada Avenue, Besançon, France', 6, '2018-07-11');
INSERT INTO public.buy VALUES (12, 190, 178, '93539 Nobel Trail, Roissy Charles-de-Gaulle, France', 6, '2019-06-22');
INSERT INTO public.buy VALUES (69, 75, 153, '9009 Center Drive, Lons-le-Saunier, France', 1, '2019-05-30');
INSERT INTO public.buy VALUES (45, 192, 3, '1 Clarendon Court, Toulon, France', 5, '2018-10-12');
INSERT INTO public.buy VALUES (20, 165, 37, '3 Riverside Parkway, Caen, France', 2, '2019-04-27');
INSERT INTO public.buy VALUES (23, 190, 297, '46059 Tennessee Parkway, Le Mans, France', 3, '2018-11-29');
INSERT INTO public.buy VALUES (96, 133, 253, '40 Dakota Trail, Rueil-Malmaison, France', 4, '2018-11-29');
INSERT INTO public.buy VALUES (23, 125, 208, '49880 Stone Corner Drive, Toulon, France', 5, '2019-06-16');
INSERT INTO public.buy VALUES (24, 87, 59, '54660 Duke Pass, Chelles, France', 5, '2019-01-09');
INSERT INTO public.buy VALUES (49, 143, 298, '230 Charing Cross Place, Orsay, France', 6, '2019-01-09');
INSERT INTO public.buy VALUES (79, 21, 27, '1 Clarendon Court, Toulon, France', 2, '2018-08-25');
INSERT INTO public.buy VALUES (98, 171, 292, '2 Myrtle Alley, Mont-Saint-Aignan, France', 5, '2018-07-25');
INSERT INTO public.buy VALUES (16, 66, 34, '2597 School Place, Taradale, New Zealand', 1, '2018-09-07');
INSERT INTO public.buy VALUES (70, 134, 220, '6 Kropf Center, Sutton, United Kingdom', 1, '2019-06-06');
INSERT INTO public.buy VALUES (91, 162, 50, '942 Gateway Street, Évreux, France', 4, '2018-08-13');
INSERT INTO public.buy VALUES (39, 104, 108, '73 Cordelia Park, Bobigny, France', 6, '2018-12-07');
INSERT INTO public.buy VALUES (56, 90, 33, '44621 Schlimgen Lane, Chelles, France', 4, '2019-03-11');
INSERT INTO public.buy VALUES (1, 85, 184, '2 Westport Hill, Brest, France', 4, '2019-06-02');
INSERT INTO public.buy VALUES (45, 147, 35, '22936 Warrior Park, Pamiers, France', 1, '2018-11-21');
INSERT INTO public.buy VALUES (69, 154, 212, '48705 Duke Pass, Aubenas, France', 5, '2018-12-22');
INSERT INTO public.buy VALUES (84, 75, 2, '4 Morning Hill, Pontarlier, France', 2, '2019-05-02');
INSERT INTO public.buy VALUES (70, 170, 9, '677 Mitchell Hill, Lyon, France', 2, '2019-02-10');
INSERT INTO public.buy VALUES (86, 71, 176, '47114 8th Center, Arnage, France', 2, '2018-10-18');
INSERT INTO public.buy VALUES (91, 145, 182, '5536 Independence Center, Versailles, France', 3, '2019-03-12');
INSERT INTO public.buy VALUES (21, 44, 267, '813 Atwood Way, Puteaux, France', 3, '2018-10-12');
INSERT INTO public.buy VALUES (81, 39, 131, '0 Pond Alley, Clichy, France', 1, '2018-09-23');
INSERT INTO public.buy VALUES (91, 176, 104, '31763 Golf Way, Orléans, France', 2, '2018-11-30');
INSERT INTO public.buy VALUES (71, 39, 298, '91 Darwin Circle, Marseille, France', 1, '2018-07-25');
INSERT INTO public.buy VALUES (56, 112, 273, '103 Lyons Street, Hyères, France', 2, '2019-01-19');
INSERT INTO public.buy VALUES (5, 178, 264, '85 Straubel Park, Saint-Quentin-en-Yvelines, France', 5, '2018-07-13');
INSERT INTO public.buy VALUES (84, 111, 14, '7 Scoville Street, Paris 01, France', 3, '2018-12-16');
INSERT INTO public.buy VALUES (56, 200, 185, '8 Roxbury Way, Ivry-sur-Seine, France', 3, '2018-09-20');
INSERT INTO public.buy VALUES (78, 61, 99, '2486 Corry Trail, Saint-Germain-en-Laye, France', 5, '2019-01-08');
INSERT INTO public.buy VALUES (29, 121, 73, '8 Independence Street, Nice, France', 6, '2019-06-28');
INSERT INTO public.buy VALUES (58, 143, 218, '29698 Delladonna Street, Limoges, France', 5, '2019-04-08');
INSERT INTO public.buy VALUES (27, 58, 137, '35 Namekagon Road, Pau, France', 5, '2018-09-04');
INSERT INTO public.buy VALUES (78, 131, 292, '2436 Corscot Terrace, Tassin-la-Demi-Lune, France', 2, '2018-08-04');
INSERT INTO public.buy VALUES (99, 166, 293, '126 Morrow Alley, Rive-de-Gier, France', 4, '2018-11-09');
INSERT INTO public.buy VALUES (10, 114, 224, '02377 Harbort Trail, Cergy-Pontoise, France', 6, '2019-02-20');
INSERT INTO public.buy VALUES (12, 65, 130, '82 Cordelia Street, Marseille, France', 1, '2018-07-06');
INSERT INTO public.buy VALUES (81, 182, 26, '81895 Walton Park, London, United Kingdom', 2, '2018-07-29');
INSERT INTO public.buy VALUES (83, 51, 88, '01645 Fallview Park, Sélestat, France', 4, '2019-01-28');
INSERT INTO public.buy VALUES (66, 158, 15, '7755 Ruskin Alley, Nantes, France', 1, '2018-07-24');
INSERT INTO public.buy VALUES (5, 129, 289, '55738 Corben Plaza, Amiens, France', 5, '2019-01-17');
INSERT INTO public.buy VALUES (34, 150, 88, '4 Pleasure Pass, Dieppe, France', 3, '2018-12-23');
INSERT INTO public.buy VALUES (78, 150, 66, '8109 Grayhawk Alley, Hastings, New Zealand', 2, '2019-05-27');
INSERT INTO public.buy VALUES (19, 178, 281, '7354 Elka Street, Lyon, France', 6, '2018-10-24');
INSERT INTO public.buy VALUES (17, 162, 123, '49003 Arkansas Drive, Bondoufle, France', 4, '2018-08-14');
INSERT INTO public.buy VALUES (78, 65, 219, '17262 Bultman Trail, Paris La Défense, France', 2, '2019-02-15');
INSERT INTO public.buy VALUES (64, 176, 16, '59 Norway Maple Street, Caen, France', 2, '2018-09-17');
INSERT INTO public.buy VALUES (70, 18, 162, '63 Tony Street, Amiens, France', 3, '2019-04-10');
INSERT INTO public.buy VALUES (25, 196, 198, '3 Riverside Parkway, Caen, France', 4, '2019-04-20');
INSERT INTO public.buy VALUES (81, 8, 228, '5 Packers Hill, Poitiers, France', 2, '2019-05-24');
INSERT INTO public.buy VALUES (16, 75, 137, '48705 Duke Pass, Aubenas, France', 3, '2019-05-20');
INSERT INTO public.buy VALUES (74, 32, 256, '43 Vera Place, Bezons, France', 1, '2019-04-02');
INSERT INTO public.buy VALUES (84, 167, 27, '46059 Tennessee Parkway, Le Mans, France', 4, '2019-05-11');
INSERT INTO public.buy VALUES (34, 122, 261, '2803 Schurz Street, Saint-Quentin-en-Yvelines, France', 3, '2018-08-28');
INSERT INTO public.buy VALUES (4, 104, 285, '00304 Artisan Crossing, Ford, United Kingdom', 2, '2019-01-01');
INSERT INTO public.buy VALUES (34, 165, 207, '886 Prairie Rose Center, Bagnères-de-Bigorre, France', 1, '2018-10-02');
INSERT INTO public.buy VALUES (51, 174, 182, '61426 Thierer Pass, Chilly-Mazarin, France', 3, '2018-08-18');
INSERT INTO public.buy VALUES (44, 41, 129, '9178 Swallow Circle, Paris 17, France', 1, '2019-03-29');
INSERT INTO public.buy VALUES (23, 131, 250, '3 Scoville Alley, Carpentras, France', 6, '2019-05-16');
INSERT INTO public.buy VALUES (100, 166, 18, '93750 Dovetail Plaza, Schirmeck, France', 2, '2018-11-21');
INSERT INTO public.buy VALUES (74, 191, 35, '13606 Hanover Way, Courtaboeuf, France', 4, '2018-11-19');
INSERT INTO public.buy VALUES (56, 44, 207, '3 Crescent Oaks Crossing, Barr, France', 5, '2019-02-10');
INSERT INTO public.buy VALUES (68, 85, 28, '05892 Debs Junction, Périgueux, France', 6, '2018-10-06');
INSERT INTO public.buy VALUES (41, 28, 206, '2 Rusk Drive, Brooklyn, New Zealand', 4, '2019-03-15');
INSERT INTO public.buy VALUES (72, 71, 169, '2258 Northland Alley, Brest, France', 3, '2019-05-12');
INSERT INTO public.buy VALUES (16, 49, 73, '40611 Northwestern Drive, Périgny, France', 2, '2019-04-28');
INSERT INTO public.buy VALUES (9, 196, 133, '40611 Northwestern Drive, Périgny, France', 5, '2019-04-06');
INSERT INTO public.buy VALUES (2, 61, 50, '72466 Lukken Alley, Amiens, France', 6, '2018-11-20');
INSERT INTO public.buy VALUES (43, 169, 94, '89 Helena Point, Lattes, France', 2, '2018-11-01');
INSERT INTO public.buy VALUES (19, 184, 113, '94 Holmberg Park, Birmingham, United Kingdom', 3, '2019-01-24');
INSERT INTO public.buy VALUES (27, 68, 165, '5 Morning Junction, Bastia, France', 2, '2019-01-01');
INSERT INTO public.buy VALUES (3, 63, 174, '5 Lawn Road, Nancy, France', 3, '2018-11-27');
INSERT INTO public.buy VALUES (43, 44, 191, '0506 Onsgard Terrace, Marseille, France', 1, '2018-07-14');
INSERT INTO public.buy VALUES (68, 129, 136, '5 Lawn Road, Nancy, France', 2, '2018-09-14');
INSERT INTO public.buy VALUES (98, 17, 247, '105 Lighthouse Bay Way, Fayaoué, New Caledonia', 3, '2019-06-10');
INSERT INTO public.buy VALUES (25, 108, 158, '74934 Armistice Way, Lomme, France', 3, '2018-10-12');
INSERT INTO public.buy VALUES (23, 163, 242, '0 Schurz Way, Tours, France', 6, '2019-01-20');
INSERT INTO public.buy VALUES (19, 88, 102, '347 Scofield Parkway, Décines-Charpieu, France', 4, '2018-10-05');
INSERT INTO public.buy VALUES (18, 15, 89, '367 Sundown Avenue, Roscoff, France', 2, '2018-12-30');
INSERT INTO public.buy VALUES (69, 17, 44, '0 Annamark Crossing, Vitrolles, France', 6, '2019-02-21');
INSERT INTO public.buy VALUES (100, 58, 262, '45 Straubel Hill, Lagnieu, France', 2, '2019-03-03');
INSERT INTO public.buy VALUES (5, 119, 188, '7799 Northridge Place, Saintes, France', 5, '2018-08-19');
INSERT INTO public.buy VALUES (13, 122, 195, '022 Harper Junction, Béziers, France', 5, '2019-02-05');
INSERT INTO public.buy VALUES (69, 166, 40, '31 David Way, Saint-Maixent-l''École, France', 1, '2018-07-19');
INSERT INTO public.buy VALUES (68, 59, 277, '66361 Eliot Way, Touho, New Caledonia', 5, '2019-01-13');
INSERT INTO public.buy VALUES (47, 33, 61, '1 Tennessee Avenue, Marseille, France', 2, '2018-12-29');
INSERT INTO public.buy VALUES (4, 188, 249, '67 Lake View Hill, Villeurbanne, France', 1, '2018-08-30');
INSERT INTO public.buy VALUES (34, 97, 7, '2566 Bluejay Drive, Avallon, France', 2, '2018-07-14');
INSERT INTO public.buy VALUES (10, 142, 146, '4 Dexter Road, Montreuil, France', 3, '2019-01-05');
INSERT INTO public.buy VALUES (6, 177, 73, '02377 Harbort Trail, Cergy-Pontoise, France', 3, '2019-05-22');
INSERT INTO public.buy VALUES (63, 72, 164, '59370 Hayes Terrace, Bordeaux, France', 5, '2018-11-15');
INSERT INTO public.buy VALUES (47, 136, 81, '680 Veith Road, Bordeaux, France', 4, '2019-03-18');
INSERT INTO public.buy VALUES (54, 170, 194, '1 Mccormick Trail, Créteil, France', 6, '2018-11-03');
INSERT INTO public.buy VALUES (49, 44, 6, '126 Morrow Alley, Rive-de-Gier, France', 6, '2018-07-24');
INSERT INTO public.buy VALUES (59, 199, 240, '2 Waxwing Point, Évry, France', 1, '2019-06-18');
INSERT INTO public.buy VALUES (57, 35, 124, '74985 Victoria Trail, Le Blanc-Mesnil, France', 4, '2018-12-08');
INSERT INTO public.buy VALUES (57, 27, 67, '2 Northwestern Court, Golbey, France', 2, '2018-12-29');
INSERT INTO public.buy VALUES (35, 187, 177, '5 Luster Court, Pau, France', 1, '2018-07-16');
INSERT INTO public.buy VALUES (90, 57, 219, '0 Gina Pass, Lacroix-Saint-Ouen, France', 4, '2019-05-14');
INSERT INTO public.buy VALUES (95, 2, 120, '01645 Fallview Park, Sélestat, France', 3, '2018-08-12');


--
-- TOC entry 3157 (class 0 OID 16931)
-- Dependencies: 199
-- Data for Name: client; Type: TABLE DATA; Schema: public; Owner: -
--

INSERT INTO public.client VALUES (1, 'Leslie');
INSERT INTO public.client VALUES (2, 'Uta');
INSERT INTO public.client VALUES (3, 'Cecilio');
INSERT INTO public.client VALUES (4, 'Phelia');
INSERT INTO public.client VALUES (5, 'Alyss');
INSERT INTO public.client VALUES (6, 'Monroe');
INSERT INTO public.client VALUES (7, 'Cloe');
INSERT INTO public.client VALUES (8, 'Chaunce');
INSERT INTO public.client VALUES (9, 'Trudi');
INSERT INTO public.client VALUES (10, 'Paulie');
INSERT INTO public.client VALUES (11, 'Jeanine');
INSERT INTO public.client VALUES (12, 'Francene');
INSERT INTO public.client VALUES (13, 'Martelle');
INSERT INTO public.client VALUES (14, 'Asher');
INSERT INTO public.client VALUES (15, 'Wanids');
INSERT INTO public.client VALUES (16, 'Rakel');
INSERT INTO public.client VALUES (17, 'Ruthann');
INSERT INTO public.client VALUES (18, 'Annie');
INSERT INTO public.client VALUES (19, 'Susanne');
INSERT INTO public.client VALUES (20, 'Giorgia');
INSERT INTO public.client VALUES (21, 'Bartholomew');
INSERT INTO public.client VALUES (22, 'Merci');
INSERT INTO public.client VALUES (23, 'Errol');
INSERT INTO public.client VALUES (24, 'Arden');
INSERT INTO public.client VALUES (25, 'Ileana');
INSERT INTO public.client VALUES (26, 'Carilyn');
INSERT INTO public.client VALUES (27, 'Mariya');
INSERT INTO public.client VALUES (28, 'Vidovic');
INSERT INTO public.client VALUES (29, 'Marc');
INSERT INTO public.client VALUES (30, 'Arabela');
INSERT INTO public.client VALUES (31, 'Melanie');
INSERT INTO public.client VALUES (32, 'Angie');
INSERT INTO public.client VALUES (33, 'Arabel');
INSERT INTO public.client VALUES (34, 'Dolley');
INSERT INTO public.client VALUES (35, 'Karine');
INSERT INTO public.client VALUES (36, 'Christen');
INSERT INTO public.client VALUES (37, 'Marisa');
INSERT INTO public.client VALUES (38, 'Joete');
INSERT INTO public.client VALUES (39, 'Javier');
INSERT INTO public.client VALUES (40, 'Huberto');
INSERT INTO public.client VALUES (41, 'Marion');
INSERT INTO public.client VALUES (42, 'Nikki');
INSERT INTO public.client VALUES (43, 'Gladi');
INSERT INTO public.client VALUES (44, 'Irina');
INSERT INTO public.client VALUES (45, 'Carlin');
INSERT INTO public.client VALUES (46, 'Lissie');
INSERT INTO public.client VALUES (47, 'Laina');
INSERT INTO public.client VALUES (48, 'Samantha');
INSERT INTO public.client VALUES (49, 'Andy');
INSERT INTO public.client VALUES (50, 'Codie');
INSERT INTO public.client VALUES (51, 'Bethanne');
INSERT INTO public.client VALUES (52, 'Gavin');
INSERT INTO public.client VALUES (53, 'Priscella');
INSERT INTO public.client VALUES (54, 'Lyndsey');
INSERT INTO public.client VALUES (55, 'Jeanine');
INSERT INTO public.client VALUES (56, 'Sayre');
INSERT INTO public.client VALUES (57, 'Odessa');
INSERT INTO public.client VALUES (58, 'Babs');
INSERT INTO public.client VALUES (59, 'Alexei');
INSERT INTO public.client VALUES (60, 'Hollyanne');
INSERT INTO public.client VALUES (61, 'Tymothy');
INSERT INTO public.client VALUES (62, 'Garrot');
INSERT INTO public.client VALUES (63, 'Antoinette');
INSERT INTO public.client VALUES (64, 'Juliane');
INSERT INTO public.client VALUES (65, 'Cornelle');
INSERT INTO public.client VALUES (66, 'Lily');
INSERT INTO public.client VALUES (67, 'Filberto');
INSERT INTO public.client VALUES (68, 'Georges');
INSERT INTO public.client VALUES (69, 'Wat');
INSERT INTO public.client VALUES (70, 'Rochette');
INSERT INTO public.client VALUES (71, 'Adeline');
INSERT INTO public.client VALUES (72, 'Harriot');
INSERT INTO public.client VALUES (73, 'Kari');
INSERT INTO public.client VALUES (74, 'Silvain');
INSERT INTO public.client VALUES (75, 'Marysa');
INSERT INTO public.client VALUES (76, 'Kore');
INSERT INTO public.client VALUES (77, 'Kenn');
INSERT INTO public.client VALUES (78, 'Prisca');
INSERT INTO public.client VALUES (79, 'Abdul');
INSERT INTO public.client VALUES (80, 'Bent');
INSERT INTO public.client VALUES (81, 'Yorke');
INSERT INTO public.client VALUES (82, 'Editha');
INSERT INTO public.client VALUES (83, 'Sashenka');
INSERT INTO public.client VALUES (84, 'Inga');
INSERT INTO public.client VALUES (85, 'Caesar');
INSERT INTO public.client VALUES (86, 'Ninetta');
INSERT INTO public.client VALUES (87, 'Junette');
INSERT INTO public.client VALUES (88, 'Danny');
INSERT INTO public.client VALUES (89, 'Bartel');
INSERT INTO public.client VALUES (90, 'Fitz');
INSERT INTO public.client VALUES (91, 'Rhoda');
INSERT INTO public.client VALUES (92, 'Schuyler');
INSERT INTO public.client VALUES (93, 'Wren');
INSERT INTO public.client VALUES (94, 'Maurizia');
INSERT INTO public.client VALUES (95, 'Amory');
INSERT INTO public.client VALUES (96, 'Flore');
INSERT INTO public.client VALUES (97, 'Samaria');
INSERT INTO public.client VALUES (98, 'Misti');
INSERT INTO public.client VALUES (99, 'Angelia');
INSERT INTO public.client VALUES (100, 'Winny');
INSERT INTO public.client VALUES (101, 'Violante');
INSERT INTO public.client VALUES (102, 'Obadias');
INSERT INTO public.client VALUES (103, 'Arden');
INSERT INTO public.client VALUES (104, 'Ailbert');
INSERT INTO public.client VALUES (105, 'Teddi');
INSERT INTO public.client VALUES (106, 'Chantal');
INSERT INTO public.client VALUES (107, 'Alyse');
INSERT INTO public.client VALUES (108, 'Megen');
INSERT INTO public.client VALUES (109, 'Say');
INSERT INTO public.client VALUES (110, 'Devi');
INSERT INTO public.client VALUES (111, 'Sal');
INSERT INTO public.client VALUES (112, 'Maddy');
INSERT INTO public.client VALUES (113, 'Cully');
INSERT INTO public.client VALUES (114, 'Arielle');
INSERT INTO public.client VALUES (115, 'Carrissa');
INSERT INTO public.client VALUES (116, 'Nicky');
INSERT INTO public.client VALUES (117, 'Elna');
INSERT INTO public.client VALUES (118, 'Ashby');
INSERT INTO public.client VALUES (119, 'Lilias');
INSERT INTO public.client VALUES (120, 'Vale');
INSERT INTO public.client VALUES (121, 'Norris');
INSERT INTO public.client VALUES (122, 'Bastien');
INSERT INTO public.client VALUES (123, 'Martynne');
INSERT INTO public.client VALUES (124, 'Oliver');
INSERT INTO public.client VALUES (125, 'Darda');
INSERT INTO public.client VALUES (126, 'Rora');
INSERT INTO public.client VALUES (127, 'Archibald');
INSERT INTO public.client VALUES (128, 'Valeda');
INSERT INTO public.client VALUES (129, 'Gerrard');
INSERT INTO public.client VALUES (130, 'Temp');
INSERT INTO public.client VALUES (131, 'Griffith');
INSERT INTO public.client VALUES (132, 'Brittni');
INSERT INTO public.client VALUES (133, 'Leigh');
INSERT INTO public.client VALUES (134, 'Jaimie');
INSERT INTO public.client VALUES (135, 'Helaina');
INSERT INTO public.client VALUES (136, 'Dawn');
INSERT INTO public.client VALUES (137, 'Samuele');
INSERT INTO public.client VALUES (138, 'Mick');
INSERT INTO public.client VALUES (139, 'Reinold');
INSERT INTO public.client VALUES (140, 'Beverly');
INSERT INTO public.client VALUES (141, 'Kristin');
INSERT INTO public.client VALUES (142, 'Papagena');
INSERT INTO public.client VALUES (143, 'Lazare');
INSERT INTO public.client VALUES (144, 'Dorey');
INSERT INTO public.client VALUES (145, 'Corey');
INSERT INTO public.client VALUES (146, 'Orly');
INSERT INTO public.client VALUES (147, 'Koralle');
INSERT INTO public.client VALUES (148, 'Margie');
INSERT INTO public.client VALUES (149, 'Garnet');
INSERT INTO public.client VALUES (150, 'Helli');
INSERT INTO public.client VALUES (151, 'Delores');
INSERT INTO public.client VALUES (152, 'Sargent');
INSERT INTO public.client VALUES (153, 'Karna');
INSERT INTO public.client VALUES (154, 'Joshia');
INSERT INTO public.client VALUES (155, 'Standford');
INSERT INTO public.client VALUES (156, 'Aida');
INSERT INTO public.client VALUES (157, 'Tresa');
INSERT INTO public.client VALUES (158, 'Zsazsa');
INSERT INTO public.client VALUES (159, 'Tandi');
INSERT INTO public.client VALUES (160, 'Torry');
INSERT INTO public.client VALUES (161, 'Nonna');
INSERT INTO public.client VALUES (162, 'Rodina');
INSERT INTO public.client VALUES (163, 'Anthia');
INSERT INTO public.client VALUES (164, 'Alair');
INSERT INTO public.client VALUES (165, 'Alyson');
INSERT INTO public.client VALUES (166, 'Jany');
INSERT INTO public.client VALUES (167, 'Dasya');
INSERT INTO public.client VALUES (168, 'Garvin');
INSERT INTO public.client VALUES (169, 'Elaine');
INSERT INTO public.client VALUES (170, 'Jermaine');
INSERT INTO public.client VALUES (171, 'Lou');
INSERT INTO public.client VALUES (172, 'Reginald');
INSERT INTO public.client VALUES (173, 'Nestor');
INSERT INTO public.client VALUES (174, 'Seward');
INSERT INTO public.client VALUES (175, 'Ronnica');
INSERT INTO public.client VALUES (176, 'Kitti');
INSERT INTO public.client VALUES (177, 'Bogey');
INSERT INTO public.client VALUES (178, 'Corbett');
INSERT INTO public.client VALUES (179, 'Ninetta');
INSERT INTO public.client VALUES (180, 'Gifford');
INSERT INTO public.client VALUES (181, 'Goober');
INSERT INTO public.client VALUES (182, 'Rosina');
INSERT INTO public.client VALUES (183, 'Loralyn');
INSERT INTO public.client VALUES (184, 'Olympe');
INSERT INTO public.client VALUES (185, 'Edmund');
INSERT INTO public.client VALUES (186, 'Trenton');
INSERT INTO public.client VALUES (187, 'Jedd');
INSERT INTO public.client VALUES (188, 'Edsel');
INSERT INTO public.client VALUES (189, 'Romeo');
INSERT INTO public.client VALUES (190, 'Lelia');
INSERT INTO public.client VALUES (191, 'Cahra');
INSERT INTO public.client VALUES (192, 'Pebrook');
INSERT INTO public.client VALUES (193, 'Tamar');
INSERT INTO public.client VALUES (194, 'Angelita');
INSERT INTO public.client VALUES (195, 'Reese');
INSERT INTO public.client VALUES (196, 'Aurea');
INSERT INTO public.client VALUES (197, 'Cliff');
INSERT INTO public.client VALUES (198, 'Tabby');
INSERT INTO public.client VALUES (199, 'Carlotta');
INSERT INTO public.client VALUES (200, 'Faber');
INSERT INTO public.client VALUES (201, 'Trudy');
INSERT INTO public.client VALUES (202, 'Myer');
INSERT INTO public.client VALUES (203, 'Tedd');
INSERT INTO public.client VALUES (204, 'Stanislaw');
INSERT INTO public.client VALUES (205, 'Carlyn');
INSERT INTO public.client VALUES (206, 'Eulalie');
INSERT INTO public.client VALUES (207, 'Clayborn');
INSERT INTO public.client VALUES (208, 'Maribelle');
INSERT INTO public.client VALUES (209, 'Nita');
INSERT INTO public.client VALUES (210, 'Shadow');
INSERT INTO public.client VALUES (211, 'Zaria');
INSERT INTO public.client VALUES (212, 'Shadow');
INSERT INTO public.client VALUES (213, 'Danni');
INSERT INTO public.client VALUES (214, 'Thorstein');
INSERT INTO public.client VALUES (215, 'Sandy');
INSERT INTO public.client VALUES (216, 'Ethelda');
INSERT INTO public.client VALUES (217, 'Gonzales');
INSERT INTO public.client VALUES (218, 'Skipton');
INSERT INTO public.client VALUES (219, 'Candis');
INSERT INTO public.client VALUES (220, 'Nessa');
INSERT INTO public.client VALUES (221, 'Corinne');
INSERT INTO public.client VALUES (222, 'Alfi');
INSERT INTO public.client VALUES (223, 'Luise');
INSERT INTO public.client VALUES (224, 'Irvin');
INSERT INTO public.client VALUES (225, 'Gerri');
INSERT INTO public.client VALUES (226, 'Cybill');
INSERT INTO public.client VALUES (227, 'Twyla');
INSERT INTO public.client VALUES (228, 'Horatio');
INSERT INTO public.client VALUES (229, 'Stephani');
INSERT INTO public.client VALUES (230, 'Tommie');
INSERT INTO public.client VALUES (231, 'Magda');
INSERT INTO public.client VALUES (232, 'Cullin');
INSERT INTO public.client VALUES (233, 'Erhard');
INSERT INTO public.client VALUES (234, 'Marjorie');
INSERT INTO public.client VALUES (235, 'Constantia');
INSERT INTO public.client VALUES (236, 'Dina');
INSERT INTO public.client VALUES (237, 'Conan');
INSERT INTO public.client VALUES (238, 'Grantham');
INSERT INTO public.client VALUES (239, 'Shepherd');
INSERT INTO public.client VALUES (240, 'Olivia');
INSERT INTO public.client VALUES (241, 'Alex');
INSERT INTO public.client VALUES (242, 'Birgitta');
INSERT INTO public.client VALUES (243, 'Adi');
INSERT INTO public.client VALUES (244, 'Ignazio');
INSERT INTO public.client VALUES (245, 'Carmella');
INSERT INTO public.client VALUES (246, 'Marlon');
INSERT INTO public.client VALUES (247, 'Fayette');
INSERT INTO public.client VALUES (248, 'Bendite');
INSERT INTO public.client VALUES (249, 'Giustina');
INSERT INTO public.client VALUES (250, 'Fan');
INSERT INTO public.client VALUES (251, 'Georgianna');
INSERT INTO public.client VALUES (252, 'Rosalynd');
INSERT INTO public.client VALUES (253, 'Sammy');
INSERT INTO public.client VALUES (254, 'Fleming');
INSERT INTO public.client VALUES (255, 'Trefor');
INSERT INTO public.client VALUES (256, 'Benito');
INSERT INTO public.client VALUES (257, 'Biddie');
INSERT INTO public.client VALUES (258, 'Kandy');
INSERT INTO public.client VALUES (259, 'Auberta');
INSERT INTO public.client VALUES (260, 'Deeann');
INSERT INTO public.client VALUES (261, 'De');
INSERT INTO public.client VALUES (262, 'Melinda');
INSERT INTO public.client VALUES (263, 'Teresina');
INSERT INTO public.client VALUES (264, 'Nataline');
INSERT INTO public.client VALUES (265, 'Jandy');
INSERT INTO public.client VALUES (266, 'Brinn');
INSERT INTO public.client VALUES (267, 'Matias');
INSERT INTO public.client VALUES (268, 'Basil');
INSERT INTO public.client VALUES (269, 'Kizzee');
INSERT INTO public.client VALUES (270, 'Erna');
INSERT INTO public.client VALUES (271, 'Kevina');
INSERT INTO public.client VALUES (272, 'Tedman');
INSERT INTO public.client VALUES (273, 'Hamlin');
INSERT INTO public.client VALUES (274, 'Reynard');
INSERT INTO public.client VALUES (275, 'Briggs');
INSERT INTO public.client VALUES (276, 'Madelena');
INSERT INTO public.client VALUES (277, 'Tammie');
INSERT INTO public.client VALUES (278, 'Debbi');
INSERT INTO public.client VALUES (279, 'Tandie');
INSERT INTO public.client VALUES (280, 'Ferd');
INSERT INTO public.client VALUES (281, 'Say');
INSERT INTO public.client VALUES (282, 'Michele');
INSERT INTO public.client VALUES (283, 'Nani');
INSERT INTO public.client VALUES (284, 'Dorey');
INSERT INTO public.client VALUES (285, 'Clarence');
INSERT INTO public.client VALUES (286, 'Dorella');
INSERT INTO public.client VALUES (287, 'Roby');
INSERT INTO public.client VALUES (288, 'Ninette');
INSERT INTO public.client VALUES (289, 'Murial');
INSERT INTO public.client VALUES (290, 'Cherice');
INSERT INTO public.client VALUES (291, 'Devina');
INSERT INTO public.client VALUES (292, 'Bartlett');
INSERT INTO public.client VALUES (293, 'Erhart');
INSERT INTO public.client VALUES (294, 'Shellie');
INSERT INTO public.client VALUES (295, 'Shannen');
INSERT INTO public.client VALUES (296, 'Alameda');
INSERT INTO public.client VALUES (297, 'Cesare');
INSERT INTO public.client VALUES (298, 'Galina');
INSERT INTO public.client VALUES (299, 'Idette');
INSERT INTO public.client VALUES (300, 'Findlay');


--
-- TOC entry 3158 (class 0 OID 16934)
-- Dependencies: 200
-- Data for Name: inventory; Type: TABLE DATA; Schema: public; Owner: -
--

INSERT INTO public.inventory VALUES (1, 410);
INSERT INTO public.inventory VALUES (2, 324);
INSERT INTO public.inventory VALUES (3, 112);
INSERT INTO public.inventory VALUES (4, 488);
INSERT INTO public.inventory VALUES (5, 467);
INSERT INTO public.inventory VALUES (6, 90);
INSERT INTO public.inventory VALUES (7, 28);
INSERT INTO public.inventory VALUES (8, 473);
INSERT INTO public.inventory VALUES (9, 263);
INSERT INTO public.inventory VALUES (10, 21);
INSERT INTO public.inventory VALUES (11, 483);
INSERT INTO public.inventory VALUES (12, 72);
INSERT INTO public.inventory VALUES (13, 493);
INSERT INTO public.inventory VALUES (14, 280);
INSERT INTO public.inventory VALUES (15, 88);
INSERT INTO public.inventory VALUES (16, 176);
INSERT INTO public.inventory VALUES (17, 422);
INSERT INTO public.inventory VALUES (18, 419);
INSERT INTO public.inventory VALUES (19, 407);
INSERT INTO public.inventory VALUES (20, 71);
INSERT INTO public.inventory VALUES (21, 399);
INSERT INTO public.inventory VALUES (22, 251);
INSERT INTO public.inventory VALUES (23, 447);
INSERT INTO public.inventory VALUES (24, 484);
INSERT INTO public.inventory VALUES (25, 471);
INSERT INTO public.inventory VALUES (26, 480);
INSERT INTO public.inventory VALUES (27, 258);
INSERT INTO public.inventory VALUES (28, 309);
INSERT INTO public.inventory VALUES (29, 35);
INSERT INTO public.inventory VALUES (30, 165);
INSERT INTO public.inventory VALUES (31, 27);
INSERT INTO public.inventory VALUES (32, 170);
INSERT INTO public.inventory VALUES (33, 194);
INSERT INTO public.inventory VALUES (34, 496);
INSERT INTO public.inventory VALUES (35, 494);
INSERT INTO public.inventory VALUES (36, 24);
INSERT INTO public.inventory VALUES (37, 89);
INSERT INTO public.inventory VALUES (38, 282);
INSERT INTO public.inventory VALUES (39, 237);
INSERT INTO public.inventory VALUES (40, 265);
INSERT INTO public.inventory VALUES (41, 90);
INSERT INTO public.inventory VALUES (42, 477);
INSERT INTO public.inventory VALUES (43, 452);
INSERT INTO public.inventory VALUES (44, 287);
INSERT INTO public.inventory VALUES (45, 115);
INSERT INTO public.inventory VALUES (46, 168);
INSERT INTO public.inventory VALUES (47, 379);
INSERT INTO public.inventory VALUES (48, 416);
INSERT INTO public.inventory VALUES (49, 130);
INSERT INTO public.inventory VALUES (50, 117);
INSERT INTO public.inventory VALUES (51, 206);
INSERT INTO public.inventory VALUES (52, 50);
INSERT INTO public.inventory VALUES (53, 407);
INSERT INTO public.inventory VALUES (54, 157);
INSERT INTO public.inventory VALUES (55, 465);
INSERT INTO public.inventory VALUES (56, 329);
INSERT INTO public.inventory VALUES (57, 216);
INSERT INTO public.inventory VALUES (58, 438);
INSERT INTO public.inventory VALUES (59, 442);
INSERT INTO public.inventory VALUES (60, 241);
INSERT INTO public.inventory VALUES (61, 490);
INSERT INTO public.inventory VALUES (62, 290);
INSERT INTO public.inventory VALUES (63, 471);
INSERT INTO public.inventory VALUES (64, 266);
INSERT INTO public.inventory VALUES (65, 280);
INSERT INTO public.inventory VALUES (66, 475);
INSERT INTO public.inventory VALUES (67, 214);
INSERT INTO public.inventory VALUES (68, 186);
INSERT INTO public.inventory VALUES (69, 35);
INSERT INTO public.inventory VALUES (70, 404);
INSERT INTO public.inventory VALUES (71, 408);
INSERT INTO public.inventory VALUES (72, 118);
INSERT INTO public.inventory VALUES (73, 268);
INSERT INTO public.inventory VALUES (74, 271);
INSERT INTO public.inventory VALUES (75, 48);
INSERT INTO public.inventory VALUES (76, 441);
INSERT INTO public.inventory VALUES (77, 463);
INSERT INTO public.inventory VALUES (78, 145);
INSERT INTO public.inventory VALUES (79, 48);
INSERT INTO public.inventory VALUES (80, 244);
INSERT INTO public.inventory VALUES (81, 26);
INSERT INTO public.inventory VALUES (82, 475);
INSERT INTO public.inventory VALUES (83, 166);
INSERT INTO public.inventory VALUES (84, 355);
INSERT INTO public.inventory VALUES (85, 334);
INSERT INTO public.inventory VALUES (86, 396);
INSERT INTO public.inventory VALUES (87, 381);
INSERT INTO public.inventory VALUES (88, 222);
INSERT INTO public.inventory VALUES (89, 225);
INSERT INTO public.inventory VALUES (90, 332);
INSERT INTO public.inventory VALUES (91, 404);
INSERT INTO public.inventory VALUES (92, 191);
INSERT INTO public.inventory VALUES (93, 142);
INSERT INTO public.inventory VALUES (94, 121);
INSERT INTO public.inventory VALUES (95, 255);
INSERT INTO public.inventory VALUES (96, 102);
INSERT INTO public.inventory VALUES (97, 119);
INSERT INTO public.inventory VALUES (98, 480);
INSERT INTO public.inventory VALUES (99, 444);
INSERT INTO public.inventory VALUES (100, 71);


--
-- TOC entry 3155 (class 0 OID 16911)
-- Dependencies: 197
-- Data for Name: manufacturer; Type: TABLE DATA; Schema: public; Owner: -
--

INSERT INTO public.manufacturer VALUES (1, 'Manufacturer', '11 Pond Avenue');
INSERT INTO public.manufacturer VALUES (2, 'Animal Babies', '366 Melrose Junction');
INSERT INTO public.manufacturer VALUES (3, 'ARSUK', '6609 Moose Drive');
INSERT INTO public.manufacturer VALUES (4, 'Atlas', '36 Quincy Road');
INSERT INTO public.manufacturer VALUES (5, 'Aurora', '63 Hauk Street');
INSERT INTO public.manufacturer VALUES (6, 'Bachmann', '40868 Village Street');
INSERT INTO public.manufacturer VALUES (7, 'Bachmann N Gauge', '9794 Michigan Street');
INSERT INTO public.manufacturer VALUES (8, 'Bandai', '9 Vidon Drive');
INSERT INTO public.manufacturer VALUES (9, 'Banpresto', '726 Mcbride Trail');
INSERT INTO public.manufacturer VALUES (10, 'Beanie Boos', '6 Bowman Crossing');
INSERT INTO public.manufacturer VALUES (11, 'Ben & Holly', '5 Eastwood Plaza');
INSERT INTO public.manufacturer VALUES (12, 'Bigjigs Rail', '984 Randy Alley');
INSERT INTO public.manufacturer VALUES (13, 'Bluw', '1410 Mccormick Park');
INSERT INTO public.manufacturer VALUES (14, 'Build your Bears Wardrobe', '065 Eastlawn Court');
INSERT INTO public.manufacturer VALUES (15, 'Busch', '0835 Katie Junction');
INSERT INTO public.manufacturer VALUES (16, 'Carousel', '96 Anzinger Park');
INSERT INTO public.manufacturer VALUES (17, 'CATO', '4 Corscot Park');
INSERT INTO public.manufacturer VALUES (18, 'ccf', '6664 Fremont Plaza');
INSERT INTO public.manufacturer VALUES (19, 'Cepia', '28495 Banding Center');
INSERT INTO public.manufacturer VALUES (20, 'Charlie Bears', '8465 Heffernan Place');
INSERT INTO public.manufacturer VALUES (21, 'Chuggington', '28563 Elmside Pass');
INSERT INTO public.manufacturer VALUES (22, 'Claire''s', '76439 Mitchell Plaza');
INSERT INTO public.manufacturer VALUES (23, 'Corgi', '7458 Pine View Road');
INSERT INTO public.manufacturer VALUES (24, 'Creative Toys', '69 Texas Court');
INSERT INTO public.manufacturer VALUES (25, 'Cuddlekins', '9993 Dexter Alley');
INSERT INTO public.manufacturer VALUES (26, 'Dapol', '322 Lawn Plaza');
INSERT INTO public.manufacturer VALUES (27, 'Disney', '4021 Lillian Terrace');
INSERT INTO public.manufacturer VALUES (28, 'Doodle Jump', '22 Westport Junction');
INSERT INTO public.manufacturer VALUES (29, 'Dowman', '1455 1st Lane');
INSERT INTO public.manufacturer VALUES (30, 'ENESCO', '04133 Vidon Drive');
INSERT INTO public.manufacturer VALUES (31, 'Faller', '420 Hagan Court');
INSERT INTO public.manufacturer VALUES (32, 'Fisher Price', '73 Fairview Road');
INSERT INTO public.manufacturer VALUES (33, 'Fisher-Price', '1478 Gulseth Parkway');
INSERT INTO public.manufacturer VALUES (34, 'FunkyBuys', '88 Oriole Pass');
INSERT INTO public.manufacturer VALUES (35, 'Gaugemaster', '1643 Main Parkway');
INSERT INTO public.manufacturer VALUES (36, 'Generic', '2 Portage Street');
INSERT INTO public.manufacturer VALUES (37, 'Golden Bear', '0961 Pleasure Alley');
INSERT INTO public.manufacturer VALUES (38, 'Graham Farish', '9048 Kim Way');
INSERT INTO public.manufacturer VALUES (39, 'Hansa', '8177 Mallard Pass');
INSERT INTO public.manufacturer VALUES (40, 'Henry Hugglemonster', '44 Burning Wood Circle');
INSERT INTO public.manufacturer VALUES (41, 'Hornby', '3 Hovde Road');
INSERT INTO public.manufacturer VALUES (42, 'IBTT', '5511 Burrows Crossing');
INSERT INTO public.manufacturer VALUES (43, 'Jouef', '2 Surrey Way');
INSERT INTO public.manufacturer VALUES (44, 'Kato', '9 Main Drive');
INSERT INTO public.manufacturer VALUES (45, 'Kato (USA)', '4614 Everett Road');
INSERT INTO public.manufacturer VALUES (46, 'Keel Toys', '32413 Golden Leaf Place');
INSERT INTO public.manufacturer VALUES (47, 'KingcooTech', '69134 Prentice Pass');
INSERT INTO public.manufacturer VALUES (48, 'L''Atitude', '497 Victoria Hill');
INSERT INTO public.manufacturer VALUES (49, 'Learning Curve', '01 Rowland Terrace');
INSERT INTO public.manufacturer VALUES (50, 'LELIN', '0469 Dapin Lane');


--
-- TOC entry 3159 (class 0 OID 16937)
-- Dependencies: 201
-- Data for Name: manufactures; Type: TABLE DATA; Schema: public; Owner: -
--

INSERT INTO public.manufactures VALUES (29, 30);
INSERT INTO public.manufactures VALUES (96, 29);
INSERT INTO public.manufactures VALUES (36, 20);
INSERT INTO public.manufactures VALUES (80, 22);
INSERT INTO public.manufactures VALUES (55, 45);
INSERT INTO public.manufactures VALUES (94, 14);
INSERT INTO public.manufactures VALUES (98, 37);
INSERT INTO public.manufactures VALUES (63, 18);
INSERT INTO public.manufactures VALUES (76, 37);
INSERT INTO public.manufactures VALUES (63, 26);
INSERT INTO public.manufactures VALUES (21, 8);
INSERT INTO public.manufactures VALUES (55, 41);
INSERT INTO public.manufactures VALUES (83, 27);
INSERT INTO public.manufactures VALUES (42, 34);
INSERT INTO public.manufactures VALUES (25, 4);
INSERT INTO public.manufactures VALUES (27, 42);
INSERT INTO public.manufactures VALUES (25, 19);
INSERT INTO public.manufactures VALUES (81, 10);
INSERT INTO public.manufactures VALUES (8, 50);
INSERT INTO public.manufactures VALUES (64, 43);
INSERT INTO public.manufactures VALUES (23, 30);
INSERT INTO public.manufactures VALUES (89, 27);
INSERT INTO public.manufactures VALUES (31, 6);
INSERT INTO public.manufactures VALUES (76, 35);
INSERT INTO public.manufactures VALUES (70, 27);
INSERT INTO public.manufactures VALUES (21, 5);
INSERT INTO public.manufactures VALUES (61, 6);
INSERT INTO public.manufactures VALUES (92, 8);
INSERT INTO public.manufactures VALUES (8, 26);
INSERT INTO public.manufactures VALUES (2, 19);
INSERT INTO public.manufactures VALUES (58, 31);
INSERT INTO public.manufactures VALUES (61, 4);
INSERT INTO public.manufactures VALUES (32, 14);
INSERT INTO public.manufactures VALUES (6, 41);
INSERT INTO public.manufactures VALUES (82, 25);
INSERT INTO public.manufactures VALUES (72, 48);
INSERT INTO public.manufactures VALUES (7, 10);
INSERT INTO public.manufactures VALUES (16, 27);
INSERT INTO public.manufactures VALUES (66, 10);
INSERT INTO public.manufactures VALUES (86, 15);
INSERT INTO public.manufactures VALUES (58, 21);
INSERT INTO public.manufactures VALUES (9, 32);
INSERT INTO public.manufactures VALUES (87, 34);
INSERT INTO public.manufactures VALUES (35, 42);
INSERT INTO public.manufactures VALUES (71, 48);
INSERT INTO public.manufactures VALUES (64, 10);
INSERT INTO public.manufactures VALUES (34, 23);
INSERT INTO public.manufactures VALUES (20, 10);
INSERT INTO public.manufactures VALUES (22, 2);
INSERT INTO public.manufactures VALUES (49, 44);
INSERT INTO public.manufactures VALUES (54, 47);
INSERT INTO public.manufactures VALUES (74, 37);
INSERT INTO public.manufactures VALUES (59, 15);
INSERT INTO public.manufactures VALUES (94, 21);
INSERT INTO public.manufactures VALUES (21, 17);
INSERT INTO public.manufactures VALUES (50, 14);
INSERT INTO public.manufactures VALUES (10, 14);
INSERT INTO public.manufactures VALUES (51, 14);
INSERT INTO public.manufactures VALUES (56, 38);
INSERT INTO public.manufactures VALUES (30, 22);
INSERT INTO public.manufactures VALUES (44, 33);
INSERT INTO public.manufactures VALUES (65, 28);
INSERT INTO public.manufactures VALUES (99, 38);
INSERT INTO public.manufactures VALUES (79, 29);
INSERT INTO public.manufactures VALUES (45, 3);
INSERT INTO public.manufactures VALUES (8, 5);
INSERT INTO public.manufactures VALUES (58, 21);
INSERT INTO public.manufactures VALUES (12, 1);
INSERT INTO public.manufactures VALUES (43, 50);
INSERT INTO public.manufactures VALUES (16, 19);
INSERT INTO public.manufactures VALUES (52, 15);
INSERT INTO public.manufactures VALUES (74, 37);
INSERT INTO public.manufactures VALUES (62, 6);
INSERT INTO public.manufactures VALUES (19, 40);
INSERT INTO public.manufactures VALUES (77, 47);
INSERT INTO public.manufactures VALUES (85, 11);
INSERT INTO public.manufactures VALUES (91, 27);
INSERT INTO public.manufactures VALUES (7, 17);
INSERT INTO public.manufactures VALUES (62, 8);
INSERT INTO public.manufactures VALUES (77, 15);
INSERT INTO public.manufactures VALUES (30, 34);
INSERT INTO public.manufactures VALUES (58, 40);
INSERT INTO public.manufactures VALUES (74, 35);
INSERT INTO public.manufactures VALUES (15, 25);
INSERT INTO public.manufactures VALUES (15, 33);
INSERT INTO public.manufactures VALUES (25, 35);
INSERT INTO public.manufactures VALUES (33, 34);
INSERT INTO public.manufactures VALUES (67, 5);
INSERT INTO public.manufactures VALUES (28, 4);
INSERT INTO public.manufactures VALUES (21, 49);
INSERT INTO public.manufactures VALUES (57, 49);
INSERT INTO public.manufactures VALUES (85, 15);
INSERT INTO public.manufactures VALUES (32, 10);
INSERT INTO public.manufactures VALUES (34, 44);
INSERT INTO public.manufactures VALUES (27, 45);
INSERT INTO public.manufactures VALUES (38, 3);
INSERT INTO public.manufactures VALUES (78, 17);
INSERT INTO public.manufactures VALUES (1, 2);
INSERT INTO public.manufactures VALUES (34, 34);
INSERT INTO public.manufactures VALUES (42, 35);
INSERT INTO public.manufactures VALUES (69, 12);
INSERT INTO public.manufactures VALUES (98, 27);
INSERT INTO public.manufactures VALUES (36, 45);
INSERT INTO public.manufactures VALUES (69, 6);
INSERT INTO public.manufactures VALUES (66, 41);
INSERT INTO public.manufactures VALUES (93, 9);
INSERT INTO public.manufactures VALUES (96, 39);
INSERT INTO public.manufactures VALUES (73, 20);
INSERT INTO public.manufactures VALUES (99, 49);
INSERT INTO public.manufactures VALUES (96, 37);
INSERT INTO public.manufactures VALUES (94, 17);
INSERT INTO public.manufactures VALUES (73, 47);
INSERT INTO public.manufactures VALUES (53, 6);
INSERT INTO public.manufactures VALUES (100, 46);
INSERT INTO public.manufactures VALUES (50, 40);
INSERT INTO public.manufactures VALUES (36, 7);
INSERT INTO public.manufactures VALUES (57, 42);
INSERT INTO public.manufactures VALUES (43, 4);
INSERT INTO public.manufactures VALUES (37, 10);
INSERT INTO public.manufactures VALUES (5, 17);
INSERT INTO public.manufactures VALUES (13, 39);
INSERT INTO public.manufactures VALUES (84, 23);
INSERT INTO public.manufactures VALUES (12, 16);
INSERT INTO public.manufactures VALUES (15, 13);
INSERT INTO public.manufactures VALUES (62, 7);
INSERT INTO public.manufactures VALUES (35, 37);
INSERT INTO public.manufactures VALUES (18, 14);
INSERT INTO public.manufactures VALUES (66, 46);
INSERT INTO public.manufactures VALUES (47, 45);
INSERT INTO public.manufactures VALUES (19, 35);
INSERT INTO public.manufactures VALUES (74, 44);
INSERT INTO public.manufactures VALUES (29, 20);
INSERT INTO public.manufactures VALUES (39, 23);
INSERT INTO public.manufactures VALUES (90, 17);
INSERT INTO public.manufactures VALUES (48, 2);
INSERT INTO public.manufactures VALUES (10, 37);
INSERT INTO public.manufactures VALUES (97, 22);
INSERT INTO public.manufactures VALUES (16, 44);
INSERT INTO public.manufactures VALUES (80, 8);
INSERT INTO public.manufactures VALUES (10, 18);
INSERT INTO public.manufactures VALUES (61, 40);
INSERT INTO public.manufactures VALUES (24, 24);
INSERT INTO public.manufactures VALUES (16, 18);
INSERT INTO public.manufactures VALUES (81, 5);
INSERT INTO public.manufactures VALUES (91, 8);
INSERT INTO public.manufactures VALUES (11, 40);
INSERT INTO public.manufactures VALUES (22, 27);
INSERT INTO public.manufactures VALUES (88, 25);
INSERT INTO public.manufactures VALUES (75, 46);
INSERT INTO public.manufactures VALUES (4, 16);
INSERT INTO public.manufactures VALUES (72, 13);
INSERT INTO public.manufactures VALUES (21, 28);
INSERT INTO public.manufactures VALUES (43, 50);
INSERT INTO public.manufactures VALUES (72, 27);
INSERT INTO public.manufactures VALUES (14, 17);
INSERT INTO public.manufactures VALUES (92, 31);
INSERT INTO public.manufactures VALUES (3, 49);
INSERT INTO public.manufactures VALUES (46, 29);
INSERT INTO public.manufactures VALUES (26, 31);
INSERT INTO public.manufactures VALUES (70, 19);
INSERT INTO public.manufactures VALUES (25, 5);
INSERT INTO public.manufactures VALUES (54, 50);
INSERT INTO public.manufactures VALUES (59, 47);
INSERT INTO public.manufactures VALUES (49, 42);
INSERT INTO public.manufactures VALUES (91, 35);
INSERT INTO public.manufactures VALUES (98, 16);
INSERT INTO public.manufactures VALUES (83, 38);
INSERT INTO public.manufactures VALUES (44, 6);
INSERT INTO public.manufactures VALUES (71, 25);
INSERT INTO public.manufactures VALUES (15, 44);
INSERT INTO public.manufactures VALUES (92, 13);
INSERT INTO public.manufactures VALUES (38, 22);
INSERT INTO public.manufactures VALUES (95, 12);
INSERT INTO public.manufactures VALUES (57, 9);
INSERT INTO public.manufactures VALUES (96, 14);
INSERT INTO public.manufactures VALUES (69, 10);
INSERT INTO public.manufactures VALUES (52, 29);
INSERT INTO public.manufactures VALUES (54, 22);
INSERT INTO public.manufactures VALUES (100, 19);
INSERT INTO public.manufactures VALUES (62, 50);
INSERT INTO public.manufactures VALUES (10, 15);
INSERT INTO public.manufactures VALUES (62, 5);
INSERT INTO public.manufactures VALUES (12, 47);
INSERT INTO public.manufactures VALUES (55, 17);
INSERT INTO public.manufactures VALUES (84, 1);
INSERT INTO public.manufactures VALUES (81, 2);
INSERT INTO public.manufactures VALUES (27, 16);
INSERT INTO public.manufactures VALUES (95, 43);
INSERT INTO public.manufactures VALUES (7, 25);
INSERT INTO public.manufactures VALUES (1, 43);
INSERT INTO public.manufactures VALUES (54, 23);
INSERT INTO public.manufactures VALUES (79, 38);
INSERT INTO public.manufactures VALUES (11, 46);
INSERT INTO public.manufactures VALUES (48, 13);
INSERT INTO public.manufactures VALUES (49, 3);
INSERT INTO public.manufactures VALUES (78, 19);
INSERT INTO public.manufactures VALUES (20, 25);
INSERT INTO public.manufactures VALUES (58, 3);
INSERT INTO public.manufactures VALUES (43, 7);
INSERT INTO public.manufactures VALUES (89, 20);
INSERT INTO public.manufactures VALUES (41, 25);
INSERT INTO public.manufactures VALUES (18, 37);
INSERT INTO public.manufactures VALUES (12, 1);
INSERT INTO public.manufactures VALUES (83, 18);
INSERT INTO public.manufactures VALUES (93, 12);
INSERT INTO public.manufactures VALUES (42, 7);
INSERT INTO public.manufactures VALUES (15, 41);
INSERT INTO public.manufactures VALUES (64, 24);
INSERT INTO public.manufactures VALUES (79, 37);
INSERT INTO public.manufactures VALUES (93, 23);
INSERT INTO public.manufactures VALUES (23, 32);
INSERT INTO public.manufactures VALUES (69, 26);
INSERT INTO public.manufactures VALUES (92, 36);
INSERT INTO public.manufactures VALUES (6, 44);
INSERT INTO public.manufactures VALUES (83, 36);
INSERT INTO public.manufactures VALUES (32, 33);
INSERT INTO public.manufactures VALUES (100, 3);
INSERT INTO public.manufactures VALUES (33, 20);
INSERT INTO public.manufactures VALUES (63, 7);
INSERT INTO public.manufactures VALUES (39, 40);
INSERT INTO public.manufactures VALUES (45, 9);
INSERT INTO public.manufactures VALUES (88, 16);
INSERT INTO public.manufactures VALUES (60, 8);
INSERT INTO public.manufactures VALUES (5, 11);
INSERT INTO public.manufactures VALUES (58, 14);
INSERT INTO public.manufactures VALUES (54, 12);
INSERT INTO public.manufactures VALUES (14, 33);
INSERT INTO public.manufactures VALUES (57, 46);
INSERT INTO public.manufactures VALUES (29, 26);
INSERT INTO public.manufactures VALUES (70, 28);
INSERT INTO public.manufactures VALUES (10, 5);
INSERT INTO public.manufactures VALUES (2, 29);
INSERT INTO public.manufactures VALUES (56, 6);
INSERT INTO public.manufactures VALUES (15, 10);
INSERT INTO public.manufactures VALUES (48, 44);
INSERT INTO public.manufactures VALUES (16, 20);
INSERT INTO public.manufactures VALUES (80, 46);
INSERT INTO public.manufactures VALUES (100, 45);
INSERT INTO public.manufactures VALUES (93, 17);
INSERT INTO public.manufactures VALUES (56, 5);
INSERT INTO public.manufactures VALUES (13, 34);
INSERT INTO public.manufactures VALUES (86, 19);
INSERT INTO public.manufactures VALUES (61, 23);
INSERT INTO public.manufactures VALUES (61, 29);
INSERT INTO public.manufactures VALUES (62, 10);
INSERT INTO public.manufactures VALUES (42, 23);
INSERT INTO public.manufactures VALUES (54, 38);
INSERT INTO public.manufactures VALUES (31, 2);
INSERT INTO public.manufactures VALUES (21, 11);
INSERT INTO public.manufactures VALUES (20, 44);
INSERT INTO public.manufactures VALUES (88, 33);
INSERT INTO public.manufactures VALUES (96, 35);
INSERT INTO public.manufactures VALUES (12, 49);
INSERT INTO public.manufactures VALUES (18, 23);
INSERT INTO public.manufactures VALUES (72, 6);
INSERT INTO public.manufactures VALUES (60, 42);
INSERT INTO public.manufactures VALUES (54, 4);
INSERT INTO public.manufactures VALUES (62, 36);
INSERT INTO public.manufactures VALUES (40, 39);
INSERT INTO public.manufactures VALUES (41, 37);
INSERT INTO public.manufactures VALUES (75, 41);
INSERT INTO public.manufactures VALUES (75, 49);
INSERT INTO public.manufactures VALUES (58, 38);
INSERT INTO public.manufactures VALUES (78, 16);
INSERT INTO public.manufactures VALUES (16, 30);
INSERT INTO public.manufactures VALUES (14, 17);
INSERT INTO public.manufactures VALUES (60, 4);
INSERT INTO public.manufactures VALUES (90, 9);
INSERT INTO public.manufactures VALUES (100, 14);
INSERT INTO public.manufactures VALUES (10, 9);
INSERT INTO public.manufactures VALUES (77, 43);
INSERT INTO public.manufactures VALUES (23, 50);
INSERT INTO public.manufactures VALUES (92, 13);
INSERT INTO public.manufactures VALUES (68, 50);
INSERT INTO public.manufactures VALUES (8, 36);
INSERT INTO public.manufactures VALUES (46, 45);
INSERT INTO public.manufactures VALUES (100, 28);
INSERT INTO public.manufactures VALUES (63, 35);
INSERT INTO public.manufactures VALUES (61, 30);
INSERT INTO public.manufactures VALUES (64, 42);
INSERT INTO public.manufactures VALUES (24, 17);
INSERT INTO public.manufactures VALUES (12, 25);
INSERT INTO public.manufactures VALUES (65, 32);
INSERT INTO public.manufactures VALUES (44, 37);
INSERT INTO public.manufactures VALUES (44, 16);
INSERT INTO public.manufactures VALUES (58, 30);
INSERT INTO public.manufactures VALUES (22, 31);
INSERT INTO public.manufactures VALUES (13, 4);
INSERT INTO public.manufactures VALUES (68, 40);
INSERT INTO public.manufactures VALUES (60, 17);
INSERT INTO public.manufactures VALUES (60, 48);
INSERT INTO public.manufactures VALUES (59, 38);
INSERT INTO public.manufactures VALUES (46, 8);
INSERT INTO public.manufactures VALUES (68, 9);
INSERT INTO public.manufactures VALUES (50, 32);
INSERT INTO public.manufactures VALUES (25, 4);
INSERT INTO public.manufactures VALUES (56, 16);
INSERT INTO public.manufactures VALUES (5, 26);
INSERT INTO public.manufactures VALUES (79, 5);
INSERT INTO public.manufactures VALUES (68, 36);


--
-- TOC entry 3154 (class 0 OID 16902)
-- Dependencies: 196
-- Data for Name: product; Type: TABLE DATA; Schema: public; Owner: -
--

INSERT INTO public.product VALUES (7, 'Bachmann 37-662 14 Ton Tank Wagon Pease & Partners Red', 0, 71);
INSERT INTO public.product VALUES (10, 'Bachmann 32-882 Fairburn 2-6-4 Tank 42062 BR Lined Black Late Crest', 1, 93);
INSERT INTO public.product VALUES (31, 'Kato 3060-2 EF65 500 (F Model) Electric Locomotive', 1, 27);
INSERT INTO public.product VALUES (36, 'Hornby R1174 Breakdown Hauler Train Set', 3, 46);
INSERT INTO public.product VALUES (81, 'CLASSIC TOY TRAIN SET TRACK CARRIAGES LIGHT ENGINE BOXED BOYS KIDS BATTERY', 1, 41);
INSERT INTO public.product VALUES (1, 'Preiser 30414 Horse Drawn Liquid Manure Wagon', 3, 41);
INSERT INTO public.product VALUES (2, 'Plarail - AS-07 Shinkansen Series 700 (Model Train)', 7, 83);
INSERT INTO public.product VALUES (3, 'Class 47 47365 ''Diamond Jubilee'' BR Railfreight Distribution', 7, 94);
INSERT INTO public.product VALUES (4, 'Hornby Pennine Express Train Set', 6, 76);
INSERT INTO public.product VALUES (5, 'Plarail - S-29 Steam Locomotive Type C61-20 w/Head Light (Model Train)', 5, 35);
INSERT INTO public.product VALUES (6, 'Hornby R1138 GWR Passenger Freight 00 Gauge Electric Train Set', 6, 75);
INSERT INTO public.product VALUES (8, 'Gaugemaster Single Track Controller/ Plug in Transformer', 0, 35);
INSERT INTO public.product VALUES (9, 'Walthers Proto 920-40695 EMD F7A RI No.676 (DCC-Sound)', 4, 84);
INSERT INTO public.product VALUES (11, 'Ratio 610 GWR 4 wheel 3rd class 5 compartment coach', 2, 63);
INSERT INTO public.product VALUES (12, 'Gaugemaster Single Track Controller/ Plug in Transformer', 6, 67);
INSERT INTO public.product VALUES (13, 'Bachmann 35-077 Class E4 0-6-2 32556 BR Black Early Emblem', 9, 67);
INSERT INTO public.product VALUES (14, 'S-60 EF66 Electric Locomotive (Tomica PlaRail Model Train) (japan import)', 9, 47);
INSERT INTO public.product VALUES (15, 'Kato 11-105 Small Type Moter Unit (for Bandai''s B-train Shorty)', 10, 84);
INSERT INTO public.product VALUES (16, 'TRIX T23469 H0 Luggage wagon of K.BAY.STS.instance, Luggage van', 1, 53);
INSERT INTO public.product VALUES (17, 'Learning Curve Chuggington Interactive Koko', 3, 84);
INSERT INTO public.product VALUES (18, 'Thomas and Friends Take-n-Play Elizabeth', 10, 77);
INSERT INTO public.product VALUES (19, 'Dapol Stanier 57ft Non Corridor Brake Coach - OO Gauge Plastic Kit', 4, 67);
INSERT INTO public.product VALUES (20, 'Kato 11-105 Small Type Moter Unit (for Bandai''s B-train Shorty)', 2, 66);
INSERT INTO public.product VALUES (21, 'HIGH SPEED TRAIN BUMP AND GO WITH MUSIC AND LIGHT HIGH QUALITY TOY', 5, 65);
INSERT INTO public.product VALUES (22, 'Preiser 30495 Horse Drawn Wedding Coach (Closed)', 4, 45);
INSERT INTO public.product VALUES (23, 'Hornby Pennine Express Train Set', 2, 24);
INSERT INTO public.product VALUES (24, 'Learning Curve Chuggington Interactive Bridges & Tunnels Starter Set', 8, 95);
INSERT INTO public.product VALUES (25, 'Train Tech DS6 One Touch DCC Signal Dual Home (R/G)', 9, 69);
INSERT INTO public.product VALUES (26, 'Bachmann 35-077 Class E4 0-6-2 32556 BR Black Early Emblem', 5, 63);
INSERT INTO public.product VALUES (27, 'Faller 140322', 5, 73);
INSERT INTO public.product VALUES (28, 'Piko 57013 myTrain Diesel Locomotive', 9, 53);
INSERT INTO public.product VALUES (29, 'Ratio 271 Pratt Truss Signal Gantry Kit to span two tracks', 10, 61);
INSERT INTO public.product VALUES (30, 'Hornby 2014 Catalogue', 4, 34);
INSERT INTO public.product VALUES (32, 'Ohigawa Railway SL [Kawane-ji] (4-Car Set) (Model Train)', 10, 31);
INSERT INTO public.product VALUES (33, 'FunkyBuys® Large Christmas Holiday Express Festive Train Set (SI-TY1017) Toy Light / Sounds / Battery Operated & Smoke', 7, 36);
INSERT INTO public.product VALUES (34, 'Ratio 575 Permanent Way Set (4 Wagons)', 7, 30);
INSERT INTO public.product VALUES (35, 'Ohigawa Railway SL [Kawane-ji] (4-Car Set) (Model Train)', 7, 23);
INSERT INTO public.product VALUES (37, 'Ohigawa Railway SL [Kawane-ji] (4-Car Set) (Model Train)', 9, 87);
INSERT INTO public.product VALUES (38, 'Thomas and Friends Track Master Dockside Delivery Crane Cargo and Cars Set', 5, 95);
INSERT INTO public.product VALUES (39, 'Kato 10-847 E259 Narita Express 3 Car Powered Set', 1, 42);
INSERT INTO public.product VALUES (40, 'Learning Curve Chuggington Interactive Chatsworth', 10, 72);
INSERT INTO public.product VALUES (41, 'Ratio 271 Pratt Truss Signal Gantry Kit to span two tracks', 4, 79);
INSERT INTO public.product VALUES (42, 'HIGH SPEED TRAIN BUMP AND GO WITH MUSIC AND LIGHT HIGH QUALITY TOY', 5, 82);
INSERT INTO public.product VALUES (43, '20pcs Model Garden Light Double Heads Lamppost Scale 1:100', 1, 49);
INSERT INTO public.product VALUES (44, 'Hornby R3162A BR 2-BIL 2 Car EMU Pack', 1, 60);
INSERT INTO public.product VALUES (45, 'FunkyBuys® Large Christmas Holiday Express Festive Train Set (SI-TY1017) Toy Light / Sounds / Battery Operated & Smoke', 6, 95);
INSERT INTO public.product VALUES (46, 'Bachmann Class A2 60534 ''Irish Elegance'' BR Lined Green Early Emblem', 6, 71);
INSERT INTO public.product VALUES (47, 'Hornby Santa''s Express Train Set', 10, 21);
INSERT INTO public.product VALUES (48, 'Hornby R3162A BR 2-BIL 2 Car EMU Pack', 2, 23);
INSERT INTO public.product VALUES (49, 'HIGH SPEED TRAIN BUMP AND GO WITH MUSIC AND LIGHT HIGH QUALITY TOY', 1, 86);
INSERT INTO public.product VALUES (50, 'HIGH SPEED TRAIN BUMP AND GO WITH MUSIC AND LIGHT HIGH QUALITY TOY', 3, 26);
INSERT INTO public.product VALUES (51, 'Hornby R3064 RailRoad BR Smokey Joe 00 Gauge Steam Locomotive', 5, 25);
INSERT INTO public.product VALUES (52, '[NEW] Pureoroko C-58 water steam [NEW]', 4, 76);
INSERT INTO public.product VALUES (53, 'Hornby R3086 RailRoad LNER 4-6-2 ''Flying Scotsman'' Class A3 00 Gauge Steam Locomotive', 6, 72);
INSERT INTO public.product VALUES (54, 'Ratio 610 GWR 4 wheel 3rd class 5 compartment coach', 6, 51);
INSERT INTO public.product VALUES (55, 'Power Trains Auto Loader City', 8, 68);
INSERT INTO public.product VALUES (56, 'Plarail - AS-07 Shinkansen Series 700 (Model Train)', 5, 74);
INSERT INTO public.product VALUES (57, 'Plarail - S-29 Steam Locomotive Type C61-20 w/Head Light (Model Train)', 8, 44);
INSERT INTO public.product VALUES (58, 'Ohigawa Railway SL [Kawane-ji] (4-Car Set) (Model Train)', 7, 90);
INSERT INTO public.product VALUES (59, 'Thomas and Friends Track Master Dockside Delivery Crane Cargo and Cars Set', 8, 29);
INSERT INTO public.product VALUES (60, 'Gaugemaster HBYS Hornby Type Colour Light Signal for 12v DC', 0, 29);
INSERT INTO public.product VALUES (61, 'Faller 140428', 3, 31);
INSERT INTO public.product VALUES (62, 'Corgi 1:120 Scale Rail Legends ''Trigo'' A3 Class Die Cast Stream Locomotive', 10, 69);
INSERT INTO public.product VALUES (63, 'Harry Potter - Diecast Hogwarts Express Train', 6, 84);
INSERT INTO public.product VALUES (64, 'Learning Curve Chuggington Interactive Chatsworth', 4, 48);
INSERT INTO public.product VALUES (65, 'S-60 EF66 Electric Locomotive (Tomica PlaRail Model Train) (japan import)', 0, 25);
INSERT INTO public.product VALUES (66, 'Kato (USA) 176-1308 F3B Denver & Rio Grande Western', 8, 70);
INSERT INTO public.product VALUES (67, 'Kato 11-105 Small Type Moter Unit (for Bandai''s B-train Shorty)', 3, 52);
INSERT INTO public.product VALUES (68, 'Power Trains Auto Loader City', 1, 84);
INSERT INTO public.product VALUES (69, 'Topro LED Flashing Neon Sensory Maracas Light Up Maracas Toy', 3, 52);
INSERT INTO public.product VALUES (70, 'Topro LED Flashing Neon Sensory Maracas Light Up Maracas Toy', 3, 36);
INSERT INTO public.product VALUES (71, 'KATO 70148015 N Portram TLR 601 Portram, grün', 1, 53);
INSERT INTO public.product VALUES (72, 'WD Austerity 2-8-0 90448 BR Black Late Crest (DCC', 0, 86);
INSERT INTO public.product VALUES (73, 'TRIX T23469 H0 Luggage wagon of K.BAY.STS.instance, Luggage van', 7, 78);
INSERT INTO public.product VALUES (74, 'Bachmann 32-882 Fairburn 2-6-4 Tank 42062 BR Lined Black Late Crest', 0, 47);
INSERT INTO public.product VALUES (75, 'Gaugemaster Single Track Controller/ Plug in Transformer', 2, 43);
INSERT INTO public.product VALUES (76, 'Dapol Model Railway "City of Truro" Plastic Kit - OO Scale 1/76', 6, 29);
INSERT INTO public.product VALUES (77, 'Hornby 00 Gauge 230mm BR Bogie Passenger Brake Coach Model (Red)', 10, 41);
INSERT INTO public.product VALUES (78, 'Hornby R3125 GWR 2-8-0T Class 52XX 00 Gauge Steam Locomotive', 7, 83);
INSERT INTO public.product VALUES (79, 'Alps Glacier Express (Add-On 4-Car Set) (Model Train)', 6, 72);
INSERT INTO public.product VALUES (80, 'Piko 59497', 2, 44);
INSERT INTO public.product VALUES (82, 'Train Tech SK2 Home Signal Kit with R/G LEDs', 9, 63);
INSERT INTO public.product VALUES (83, '[NEW] Pureoroko C-58 water steam [NEW]', 4, 56);
INSERT INTO public.product VALUES (84, 'Hornby R3064 RailRoad BR Smokey Joe 00 Gauge Steam Locomotive', 1, 33);
INSERT INTO public.product VALUES (85, 'Hornby 00 Gauge 152mm BR 0-6-2T Steam Locomotive Model', 8, 21);
INSERT INTO public.product VALUES (86, 'Hornby R1138 GWR Passenger Freight 00 Gauge Electric Train Set', 10, 45);
INSERT INTO public.product VALUES (87, 'Hornby 00 Gauge 253mm Weathered Paviland Grange Steam Locomotive Train Model', 10, 88);
INSERT INTO public.product VALUES (88, 'Kato 8002 Koki 10000 Freight Wagon', 1, 83);
INSERT INTO public.product VALUES (89, 'Piko 53366 KSStEB 1st/2nd Class Coach I', 8, 53);
INSERT INTO public.product VALUES (90, 'Hornby Railroad 00 Gauge LNER Class A1 Flying Scotsman with TTS Sound Steam Locomotive', 3, 65);
INSERT INTO public.product VALUES (91, 'Kato 11-105 Small Type Moter Unit (for Bandai''s B-train Shorty)', 2, 36);
INSERT INTO public.product VALUES (92, 'Kato (USA) 176-1308 F3B Denver & Rio Grande Western', 7, 24);
INSERT INTO public.product VALUES (93, 'Thomas and Friends Take-n-Play Elizabeth', 7, 25);
INSERT INTO public.product VALUES (94, 'Chuggington Interactive Wash and Fuel Set with Brewster Train Toy', 5, 88);
INSERT INTO public.product VALUES (95, 'Power Trains Auto Loader City', 2, 56);
INSERT INTO public.product VALUES (96, 'Thomas and Friends Take-n-Play Molly', 10, 20);
INSERT INTO public.product VALUES (97, 'HIGH SPEED TRAIN BUMP AND GO WITH MUSIC AND LIGHT HIGH QUALITY TOY', 10, 66);
INSERT INTO public.product VALUES (98, 'Piko 57013 myTrain Diesel Locomotive', 3, 39);
INSERT INTO public.product VALUES (99, 'Hornby R1174 Breakdown Hauler Train Set', 8, 27);
INSERT INTO public.product VALUES (100, 'Piko H0 57633 H0 2.Kl. Personenwagen der DR B 2. Klasse der DR', 8, 73);


--
-- TOC entry 3156 (class 0 OID 16927)
-- Dependencies: 198
-- Data for Name: supplier; Type: TABLE DATA; Schema: public; Owner: -
--

INSERT INTO public.supplier VALUES (1, 'Miragen Therapeutics, Inc.', '67 Melvin Alley');
INSERT INTO public.supplier VALUES (2, 'CapStar Financial Holdings, Inc.', '0 7th Way');
INSERT INTO public.supplier VALUES (3, 'Comfort Systems USA, Inc.', '3511 Bowman Terrace');
INSERT INTO public.supplier VALUES (4, 'Greif Bros. Corporation', '30 Michigan Street');
INSERT INTO public.supplier VALUES (5, 'HarborOne Bancorp, Inc.', '06224 Jackson Circle');
INSERT INTO public.supplier VALUES (6, 'Goldman Sachs Group, Inc. (The)', '2156 Del Mar Alley');
INSERT INTO public.supplier VALUES (7, 'Norwegian Cruise Line Holdings Ltd.', '3 Rockefeller Way');
INSERT INTO public.supplier VALUES (8, 'DCT Industrial Trust Inc', '37960 Lillian Terrace');
INSERT INTO public.supplier VALUES (9, 'China Commercial Credit, Inc.', '8082 Mitchell Pass');
INSERT INTO public.supplier VALUES (10, 'Marin Software Incorporated', '62289 Service Hill');
INSERT INTO public.supplier VALUES (11, 'Rosehill Resources Inc.', '503 Vernon Crossing');
INSERT INTO public.supplier VALUES (12, 'Eaton Vance Floating Rate Income Trust', '55635 Mayfield Terrace');
INSERT INTO public.supplier VALUES (13, 'Alnylam Pharmaceuticals, Inc.', '999 Walton Court');
INSERT INTO public.supplier VALUES (14, 'AutoZone, Inc.', '3823 Badeau Crossing');
INSERT INTO public.supplier VALUES (15, 'Republic Bancorp, Inc.', '54554 Lillian Avenue');
INSERT INTO public.supplier VALUES (16, 'TCP Capital Corp.', '9651 Emmet Crossing');
INSERT INTO public.supplier VALUES (17, 'Cumulus Media Inc.', '6132 Arizona Street');
INSERT INTO public.supplier VALUES (18, 'Intuitive Surgical, Inc.', '54 Vidon Drive');
INSERT INTO public.supplier VALUES (19, 'Visa Inc.', '1 Lukken Pass');
INSERT INTO public.supplier VALUES (20, 'Purefunds Solactive FinTech ETF', '314 Maryland Lane');
INSERT INTO public.supplier VALUES (21, 'Invacare Corporation', '405 Lakewood Gardens Street');
INSERT INTO public.supplier VALUES (22, 'Adamas Pharmaceuticals, Inc.', '65 Park Meadow Road');
INSERT INTO public.supplier VALUES (23, 'Interpublic Group of Companies, Inc. (The)', '88 Waubesa Crossing');
INSERT INTO public.supplier VALUES (24, 'HMS Holdings Corp', '69705 Northland Way');
INSERT INTO public.supplier VALUES (25, 'Dimension Therapeutics, Inc.', '1238 Fairfield Crossing');
INSERT INTO public.supplier VALUES (26, 'Semgroup Corporation', '17553 Hagan Plaza');
INSERT INTO public.supplier VALUES (27, 'Yahoo! Inc.', '5 Arapahoe Lane');
INSERT INTO public.supplier VALUES (28, 'Ball Corporation', '63112 Little Fleur Point');
INSERT INTO public.supplier VALUES (29, 'Tyson Foods, Inc.', '439 Comanche Park');
INSERT INTO public.supplier VALUES (30, 'HC2 Holdings, Inc.', '5776 Welch Place');
INSERT INTO public.supplier VALUES (31, 'Digital Realty Trust, Inc.', '464 Bobwhite Alley');
INSERT INTO public.supplier VALUES (32, 'Advanced Energy Industries, Inc.', '217 4th Court');
INSERT INTO public.supplier VALUES (33, 'Hertz Global Holdings, Inc', '37983 Brickson Park Trail');
INSERT INTO public.supplier VALUES (34, 'FuelCell Energy, Inc.', '38 Stuart Circle');
INSERT INTO public.supplier VALUES (35, 'Chimera Investment Corporation', '17524 Straubel Road');
INSERT INTO public.supplier VALUES (36, 'QuinStreet, Inc.', '67 Walton Point');
INSERT INTO public.supplier VALUES (37, 'Silver Run Acquisition Corporation II', '8 Parkside Place');
INSERT INTO public.supplier VALUES (38, 'Halliburton Company', '62 Hagan Pass');
INSERT INTO public.supplier VALUES (39, 'TCF Financial Corporation', '82682 Erie Point');
INSERT INTO public.supplier VALUES (40, 'PennantPark Floating Rate Capital Ltd.', '226 Acker Junction');
INSERT INTO public.supplier VALUES (41, 'Cytori Therapeutics Inc', '87 Warbler Lane');
INSERT INTO public.supplier VALUES (42, 'iPath US Treasury Long Bond Bull ETN', '883 Glendale Lane');
INSERT INTO public.supplier VALUES (43, 'Phillips 66', '49016 Mayer Park');
INSERT INTO public.supplier VALUES (44, 'Cellectar Biosciences, Inc.', '77263 Park Meadow Point');
INSERT INTO public.supplier VALUES (45, 'Steel Partners Holdings LP', '0646 Burning Wood Circle');
INSERT INTO public.supplier VALUES (46, 'NASDAQ TEST STOCK', '87 Calypso Hill');
INSERT INTO public.supplier VALUES (47, 'Aegon NV', '0 Reinke Center');
INSERT INTO public.supplier VALUES (48, 'Radcom Ltd.', '7 Manufacturers Plaza');
INSERT INTO public.supplier VALUES (49, 'Meridian Waste Solutions, Inc', '43 Straubel Junction');
INSERT INTO public.supplier VALUES (50, 'Dillard''s, Inc.', '6615 Grasskamp Place');
INSERT INTO public.supplier VALUES (51, 'RadiSys Corporation', '3 Bartillon Trail');
INSERT INTO public.supplier VALUES (52, 'Entergy New Orleans, Inc.', '9 Vernon Parkway');
INSERT INTO public.supplier VALUES (53, 'Barings Corporate Investors', '70 Hermina Court');
INSERT INTO public.supplier VALUES (54, 'BBVA Banco Frances S.A.', '03031 Hintze Pass');
INSERT INTO public.supplier VALUES (55, 'Norwood Financial Corp.', '7 Pleasure Trail');
INSERT INTO public.supplier VALUES (56, 'PriceSmart, Inc.', '86 Hayes Park');
INSERT INTO public.supplier VALUES (57, 'Intrawest Resorts Holdings, Inc.', '8 Lakewood Drive');
INSERT INTO public.supplier VALUES (58, 'General Motors Company', '0887 Claremont Plaza');
INSERT INTO public.supplier VALUES (59, 'Net 1 UEPS Technologies, Inc.', '3969 Carioca Road');
INSERT INTO public.supplier VALUES (60, 'Electro Scientific Industries, Inc.', '23839 Pawling Crossing');
INSERT INTO public.supplier VALUES (61, 'Bridgepoint Education, Inc.', '4 Lukken Way');
INSERT INTO public.supplier VALUES (62, 'iStar Financial Inc.', '8321 Jenifer Point');
INSERT INTO public.supplier VALUES (63, 'BLDRS Asia 50 ADR Index Fund', '75 Oak Trail');
INSERT INTO public.supplier VALUES (64, 'Momenta Pharmaceuticals, Inc.', '53 Vidon Point');
INSERT INTO public.supplier VALUES (65, 'Blackrock Florida Municipal 2020 Term Trust', '97364 Arrowood Park');
INSERT INTO public.supplier VALUES (66, 'Galectin Therapeutics Inc.', '92072 Fallview Center');
INSERT INTO public.supplier VALUES (67, 'Rigel Pharmaceuticals, Inc.', '1 Arkansas Street');
INSERT INTO public.supplier VALUES (68, 'Alcobra Ltd.', '7 Sherman Parkway');
INSERT INTO public.supplier VALUES (69, 'Alliance California Municipal Income Fund Inc', '8 Sauthoff Way');
INSERT INTO public.supplier VALUES (70, 'WSFS Financial Corporation', '47538 Independence Crossing');
INSERT INTO public.supplier VALUES (71, 'U.S. Bancorp', '52 Shelley Plaza');
INSERT INTO public.supplier VALUES (72, 'Black Hills Corporation', '2 Amoth Terrace');
INSERT INTO public.supplier VALUES (73, 'Novo Nordisk A/S', '3 Ridgeview Lane');
INSERT INTO public.supplier VALUES (74, 'Broadwind Energy, Inc.', '5517 Blaine Junction');
INSERT INTO public.supplier VALUES (75, 'CNO Financial Group, Inc.', '071 Orin Court');
INSERT INTO public.supplier VALUES (76, 'Saban Capital Acquisition Corp.', '34 Lighthouse Bay Place');
INSERT INTO public.supplier VALUES (77, 'Janus Henderson Small/Mid Cap Growth Alpha ETF', '52558 Eggendart Crossing');
INSERT INTO public.supplier VALUES (78, 'Seres Therapeutics, Inc.', '6 Merry Avenue');
INSERT INTO public.supplier VALUES (79, 'Carolina Trust BancShares, Inc.', '51960 Emmet Way');
INSERT INTO public.supplier VALUES (80, 'NRG Yield, Inc.', '9823 Oak Point');
INSERT INTO public.supplier VALUES (81, 'One Horizon Group, Inc.', '592 Nelson Trail');
INSERT INTO public.supplier VALUES (82, 'Barrett Business Services, Inc.', '2889 Doe Crossing Plaza');
INSERT INTO public.supplier VALUES (83, 'MFA Financial, Inc.', '3579 Hollow Ridge Circle');
INSERT INTO public.supplier VALUES (84, 'Stag Industrial, Inc.', '54719 Continental Junction');
INSERT INTO public.supplier VALUES (85, 'Industrial Services of America, Inc.', '08259 Armistice Center');
INSERT INTO public.supplier VALUES (86, 'Huntsman Corporation', '1571 Hooker Plaza');
INSERT INTO public.supplier VALUES (87, 'PLx Pharma Inc.', '55896 2nd Road');
INSERT INTO public.supplier VALUES (88, 'Kelly Services, Inc.', '7624 Bowman Hill');
INSERT INTO public.supplier VALUES (89, 'ChannelAdvisor Corporation', '98 Butterfield Terrace');
INSERT INTO public.supplier VALUES (90, 'Oncobiologics, Inc.', '3 Crescent Oaks Parkway');
INSERT INTO public.supplier VALUES (91, 'Molson Coors Brewing  Company', '0915 Fulton Place');
INSERT INTO public.supplier VALUES (92, 'Matthews International Corporation', '12 Russell Junction');
INSERT INTO public.supplier VALUES (93, 'Rayonier Advanced Materials Inc.', '5 Blue Bill Park Point');
INSERT INTO public.supplier VALUES (94, 'Cohu, Inc.', '4 Randy Place');
INSERT INTO public.supplier VALUES (95, 'ADDvantage Technologies Group, Inc.', '60469 Caliangt Drive');
INSERT INTO public.supplier VALUES (96, 'Black Hills Corporation', '047 Division Point');
INSERT INTO public.supplier VALUES (97, 'Crocs, Inc.', '13 Judy Junction');
INSERT INTO public.supplier VALUES (98, 'Yingli Green Energy Holding Company Limited', '289 Shoshone Point');
INSERT INTO public.supplier VALUES (99, 'Conyers Park Acquisition Corp.', '70442 Blue Bill Park Center');
INSERT INTO public.supplier VALUES (100, 'Westmoreland Coal Company', '903 Lukken Way');
INSERT INTO public.supplier VALUES (101, 'NuStar Logistics, L.P.', '45281 New Castle Park');
INSERT INTO public.supplier VALUES (102, 'VSE Corporation', '687 Fairview Drive');
INSERT INTO public.supplier VALUES (103, 'China Petroleum & Chemical Corporation', '739 Packers Circle');
INSERT INTO public.supplier VALUES (104, 'Power Integrations, Inc.', '18315 Oakridge Street');
INSERT INTO public.supplier VALUES (105, 'SunOpta, Inc.', '3 Caliangt Alley');
INSERT INTO public.supplier VALUES (106, 'Lumentum Holdings Inc.', '3 Loomis Circle');
INSERT INTO public.supplier VALUES (107, 'Raymond James Financial, Inc.', '95043 7th Pass');
INSERT INTO public.supplier VALUES (108, 'Laboratory Corporation of America Holdings', '69338 David Park');
INSERT INTO public.supplier VALUES (109, 'Heron Therapeutics, Inc.  ', '47249 Valley Edge Street');
INSERT INTO public.supplier VALUES (110, 'Gray Television, Inc.', '5 Parkside Circle');
INSERT INTO public.supplier VALUES (111, 'Intellipharmaceutics International Inc.', '0 Manitowish Street');
INSERT INTO public.supplier VALUES (112, 'BHP Billiton plc', '8 Marquette Hill');
INSERT INTO public.supplier VALUES (113, 'Bio-Rad Laboratories, Inc.', '2 Susan Parkway');
INSERT INTO public.supplier VALUES (114, 'Chegg, Inc.', '5 Colorado Pass');
INSERT INTO public.supplier VALUES (115, 'Harris Corporation', '724 Scott Street');
INSERT INTO public.supplier VALUES (116, 'Stag Industrial, Inc.', '5 Mcguire Trail');
INSERT INTO public.supplier VALUES (117, 'DHX Media Ltd.', '021 Novick Park');
INSERT INTO public.supplier VALUES (118, 'ARCA biopharma, Inc.', '5728 Meadow Vale Pass');
INSERT INTO public.supplier VALUES (119, 'New Mountain Finance Corporation', '72244 Superior Avenue');
INSERT INTO public.supplier VALUES (120, 'First Trust Nasdaq Bank ETF', '87319 Hoard Way');
INSERT INTO public.supplier VALUES (121, 'AcelRx Pharmaceuticals, Inc.', '8 Rusk Point');
INSERT INTO public.supplier VALUES (122, 'Rexford Industrial Realty, Inc.', '360 Blackbird Pass');
INSERT INTO public.supplier VALUES (123, 'Hudson Global, Inc.', '54196 Waywood Plaza');
INSERT INTO public.supplier VALUES (124, 'Blackrock MuniYield Pennsylvania Quality Fund', '0 Graceland Lane');
INSERT INTO public.supplier VALUES (125, 'World Wrestling Entertainment, Inc.', '4 Tomscot Pass');
INSERT INTO public.supplier VALUES (126, 'Moelis & Company', '9085 Browning Lane');
INSERT INTO public.supplier VALUES (127, 'Celldex Therapeutics, Inc.', '1 Prairieview Lane');
INSERT INTO public.supplier VALUES (128, 'Merrill Lynch & Co., Inc.', '7004 Colorado Hill');
INSERT INTO public.supplier VALUES (129, 'Telephone and Data Systems, Inc.', '0369 Kedzie Lane');
INSERT INTO public.supplier VALUES (130, 'Retail Properties of America, Inc.', '9 Lerdahl Avenue');
INSERT INTO public.supplier VALUES (131, 'Pacific Continental Corporation (Ore)', '0 Melvin Drive');
INSERT INTO public.supplier VALUES (132, 'DarioHealth Corp.', '9300 Golf Point');
INSERT INTO public.supplier VALUES (133, 'Nuven Mortgage Opportunity Term Fund 2', '7 Mockingbird Street');
INSERT INTO public.supplier VALUES (134, 'Winmark Corporation', '9179 Florence Place');
INSERT INTO public.supplier VALUES (135, 'Two River Bancorp', '6 Brown Road');
INSERT INTO public.supplier VALUES (136, 'Customers Bancorp, Inc', '77187 East Terrace');
INSERT INTO public.supplier VALUES (137, 'MAM Software Group, Inc.', '7 Annamark Pass');
INSERT INTO public.supplier VALUES (138, 'Danaher Corporation', '4592 Thompson Street');
INSERT INTO public.supplier VALUES (139, 'Nordstrom, Inc.', '34029 Golf View Avenue');
INSERT INTO public.supplier VALUES (140, 'Chemed Corp.', '89 Sachtjen Trail');
INSERT INTO public.supplier VALUES (141, 'Microchip Technology Incorporated', '7510 Drewry Street');
INSERT INTO public.supplier VALUES (142, 'Sterling Construction Company Inc', '42 Delladonna Junction');
INSERT INTO public.supplier VALUES (143, 'Fitbit, Inc.', '3 8th Court');
INSERT INTO public.supplier VALUES (144, 'ClearBridge Energy MLP Opportunity Fund Inc.', '3 Onsgard Junction');
INSERT INTO public.supplier VALUES (145, 'Lawson Products, Inc.', '962 Caliangt Crossing');
INSERT INTO public.supplier VALUES (146, 'HealthEquity, Inc.', '5959 Iowa Pass');
INSERT INTO public.supplier VALUES (147, 'Valvoline Inc.', '96690 Sutteridge Avenue');
INSERT INTO public.supplier VALUES (148, 'Bank of America Corporation', '8 Elmside Point');
INSERT INTO public.supplier VALUES (149, 'ARRIS International plc', '3476 Gerald Court');
INSERT INTO public.supplier VALUES (150, 'Cincinnati Financial Corporation', '2573 Memorial Court');
INSERT INTO public.supplier VALUES (151, 'IXYS Corporation', '38255 Cambridge Circle');
INSERT INTO public.supplier VALUES (152, 'Amphastar Pharmaceuticals, Inc.', '5 Helena Drive');
INSERT INTO public.supplier VALUES (153, 'Summit Materials, Inc.', '7246 Crest Line Plaza');
INSERT INTO public.supplier VALUES (154, 'Ventas Realty, Limited Partnership // Ventas Capital Corporati', '1 Troy Place');
INSERT INTO public.supplier VALUES (155, 'Cable One, Inc.', '24 Northfield Avenue');
INSERT INTO public.supplier VALUES (156, 'Barings Participation Investors', '9 Boyd Road');
INSERT INTO public.supplier VALUES (157, 'Stewart Information Services Corporation', '9 Crescent Oaks Parkway');
INSERT INTO public.supplier VALUES (158, 'e.l.f. Beauty, Inc.', '8666 Marquette Court');
INSERT INTO public.supplier VALUES (159, 'KapStone Paper and Packaging Corporation', '13039 Derek Parkway');
INSERT INTO public.supplier VALUES (160, 'Golar LNG Partners LP', '20 Arrowood Drive');
INSERT INTO public.supplier VALUES (161, 'NetScout Systems, Inc.', '7476 La Follette Street');
INSERT INTO public.supplier VALUES (162, 'Nucor Corporation', '9 North Alley');
INSERT INTO public.supplier VALUES (163, 'Intuit Inc.', '06 Darwin Lane');
INSERT INTO public.supplier VALUES (164, 'Synnex Corporation', '8 Mallard Terrace');
INSERT INTO public.supplier VALUES (165, 'PowerShares DWA Energy Momentum Portfolio', '56811 Upham Junction');
INSERT INTO public.supplier VALUES (166, 'Community First Bancshares, Inc.', '15 Bonner Point');
INSERT INTO public.supplier VALUES (167, 'Dynegy Inc.', '0 Cody Crossing');
INSERT INTO public.supplier VALUES (168, 'Perry Ellis International Inc.', '26 Graceland Parkway');
INSERT INTO public.supplier VALUES (169, 'Amphenol Corporation', '87357 Bowman Alley');
INSERT INTO public.supplier VALUES (170, 'Comtech Telecommunications Corp.', '18799 Carberry Avenue');
INSERT INTO public.supplier VALUES (171, 'Lydall, Inc.', '63 Magdeline Junction');
INSERT INTO public.supplier VALUES (172, 'Drive Shack Inc.', '367 Ruskin Street');
INSERT INTO public.supplier VALUES (173, '3M Company', '86068 Sunbrook Terrace');
INSERT INTO public.supplier VALUES (174, 'Financial Engines, Inc.', '6663 Lindbergh Park');
INSERT INTO public.supplier VALUES (175, 'Taubman Centers, Inc.', '27 Declaration Court');
INSERT INTO public.supplier VALUES (176, 'BioLineRx Ltd.', '9 South Park');
INSERT INTO public.supplier VALUES (177, 'Eaton Vance Tax-Managed Diversified Equity Income Fund', '606 Thierer Plaza');
INSERT INTO public.supplier VALUES (178, 'Super Micro Computer, Inc.', '7 Holmberg Avenue');
INSERT INTO public.supplier VALUES (179, 'MDC Partners Inc.', '81114 Oneill Trail');
INSERT INTO public.supplier VALUES (180, 'GAIN Capital Holdings, Inc.', '593 Maple Alley');
INSERT INTO public.supplier VALUES (181, 'Brookline Bancorp, Inc.', '6610 Scofield Avenue');
INSERT INTO public.supplier VALUES (182, 'Chunghwa Telecom Co., Ltd.', '55 Vidon Parkway');
INSERT INTO public.supplier VALUES (183, 'DexCom, Inc.', '33 Forest Dale Junction');
INSERT INTO public.supplier VALUES (184, 'MMA Capital Management, LLC', '3 Briar Crest Pass');
INSERT INTO public.supplier VALUES (185, 'Halcon Resources Corporation', '293 Meadow Valley Court');
INSERT INTO public.supplier VALUES (186, 'Global Ship Lease, Inc.', '11434 Moose Plaza');
INSERT INTO public.supplier VALUES (187, 'Enbridge Energy, L.P.', '0 Atwood Street');
INSERT INTO public.supplier VALUES (188, 'Sherwin-Williams Company (The)', '91764 Scofield Alley');
INSERT INTO public.supplier VALUES (189, 'Gol Linhas Aereas Inteligentes S.A.', '55073 Sheridan Plaza');
INSERT INTO public.supplier VALUES (190, 'Wellesley Bancorp, Inc.', '279 Bay Place');
INSERT INTO public.supplier VALUES (191, 'IDT Corporation', '702 Stoughton Park');
INSERT INTO public.supplier VALUES (192, 'Axovant Sciences Ltd.', '34 7th Center');
INSERT INTO public.supplier VALUES (193, 'Perrigo Company', '74 Bluejay Place');
INSERT INTO public.supplier VALUES (194, 'Merrill Lynch & Co., Inc.', '32517 Main Park');
INSERT INTO public.supplier VALUES (195, 'Pacific Continental Corporation (Ore)', '11 Barby Park');
INSERT INTO public.supplier VALUES (196, 'Tyson Foods, Inc.', '51676 Rockefeller Junction');
INSERT INTO public.supplier VALUES (197, 'Mirati Therapeutics, Inc.', '3754 Little Fleur Street');
INSERT INTO public.supplier VALUES (198, 'Annaly Capital Management Inc', '705 Petterle Plaza');
INSERT INTO public.supplier VALUES (199, 'Commerce Bancshares, Inc.', '98844 Sunbrook Trail');
INSERT INTO public.supplier VALUES (200, 'Cemtrex Inc.', '056 Anhalt Way');


--
-- TOC entry 3160 (class 0 OID 16940)
-- Dependencies: 202
-- Data for Name: supplies; Type: TABLE DATA; Schema: public; Owner: -
--

INSERT INTO public.supplies VALUES (35, 57, 14);
INSERT INTO public.supplies VALUES (31, 69, 7);
INSERT INTO public.supplies VALUES (29, 67, 15);
INSERT INTO public.supplies VALUES (10, 36, 17);
INSERT INTO public.supplies VALUES (122, 56, 6);
INSERT INTO public.supplies VALUES (76, 26, 20);
INSERT INTO public.supplies VALUES (136, 65, 18);
INSERT INTO public.supplies VALUES (72, 96, 16);
INSERT INTO public.supplies VALUES (142, 82, 14);
INSERT INTO public.supplies VALUES (29, 75, 10);
INSERT INTO public.supplies VALUES (152, 55, 5);
INSERT INTO public.supplies VALUES (182, 32, 20);
INSERT INTO public.supplies VALUES (101, 93, 8);
INSERT INTO public.supplies VALUES (87, 94, 20);
INSERT INTO public.supplies VALUES (71, 18, 5);
INSERT INTO public.supplies VALUES (24, 58, 8);
INSERT INTO public.supplies VALUES (147, 89, 9);
INSERT INTO public.supplies VALUES (146, 8, 20);
INSERT INTO public.supplies VALUES (27, 87, 14);
INSERT INTO public.supplies VALUES (128, 45, 16);
INSERT INTO public.supplies VALUES (135, 15, 17);
INSERT INTO public.supplies VALUES (155, 63, 18);
INSERT INTO public.supplies VALUES (171, 66, 18);
INSERT INTO public.supplies VALUES (142, 96, 8);
INSERT INTO public.supplies VALUES (22, 93, 8);
INSERT INTO public.supplies VALUES (88, 28, 18);
INSERT INTO public.supplies VALUES (146, 85, 7);
INSERT INTO public.supplies VALUES (138, 4, 10);
INSERT INTO public.supplies VALUES (61, 38, 11);
INSERT INTO public.supplies VALUES (158, 89, 10);
INSERT INTO public.supplies VALUES (192, 41, 14);
INSERT INTO public.supplies VALUES (132, 58, 5);
INSERT INTO public.supplies VALUES (196, 8, 17);
INSERT INTO public.supplies VALUES (78, 56, 5);
INSERT INTO public.supplies VALUES (60, 96, 19);
INSERT INTO public.supplies VALUES (49, 24, 8);
INSERT INTO public.supplies VALUES (25, 19, 6);
INSERT INTO public.supplies VALUES (195, 37, 20);
INSERT INTO public.supplies VALUES (31, 18, 19);
INSERT INTO public.supplies VALUES (51, 17, 13);
INSERT INTO public.supplies VALUES (111, 14, 12);
INSERT INTO public.supplies VALUES (175, 36, 10);
INSERT INTO public.supplies VALUES (75, 27, 10);
INSERT INTO public.supplies VALUES (15, 11, 14);
INSERT INTO public.supplies VALUES (94, 79, 5);
INSERT INTO public.supplies VALUES (106, 88, 5);
INSERT INTO public.supplies VALUES (63, 45, 7);
INSERT INTO public.supplies VALUES (180, 92, 14);
INSERT INTO public.supplies VALUES (134, 90, 12);
INSERT INTO public.supplies VALUES (111, 76, 14);
INSERT INTO public.supplies VALUES (106, 50, 15);
INSERT INTO public.supplies VALUES (124, 32, 10);
INSERT INTO public.supplies VALUES (184, 27, 18);
INSERT INTO public.supplies VALUES (88, 39, 13);
INSERT INTO public.supplies VALUES (51, 71, 19);
INSERT INTO public.supplies VALUES (2, 99, 18);
INSERT INTO public.supplies VALUES (177, 57, 16);
INSERT INTO public.supplies VALUES (170, 28, 15);
INSERT INTO public.supplies VALUES (113, 20, 9);
INSERT INTO public.supplies VALUES (82, 30, 15);
INSERT INTO public.supplies VALUES (159, 16, 11);
INSERT INTO public.supplies VALUES (98, 92, 16);
INSERT INTO public.supplies VALUES (8, 11, 5);
INSERT INTO public.supplies VALUES (183, 98, 19);
INSERT INTO public.supplies VALUES (30, 97, 14);
INSERT INTO public.supplies VALUES (94, 32, 19);
INSERT INTO public.supplies VALUES (183, 34, 17);
INSERT INTO public.supplies VALUES (94, 52, 6);
INSERT INTO public.supplies VALUES (68, 58, 12);
INSERT INTO public.supplies VALUES (44, 93, 5);
INSERT INTO public.supplies VALUES (56, 87, 8);
INSERT INTO public.supplies VALUES (172, 46, 19);
INSERT INTO public.supplies VALUES (121, 83, 16);
INSERT INTO public.supplies VALUES (200, 45, 17);
INSERT INTO public.supplies VALUES (31, 26, 9);
INSERT INTO public.supplies VALUES (2, 53, 13);
INSERT INTO public.supplies VALUES (69, 22, 16);
INSERT INTO public.supplies VALUES (67, 49, 5);
INSERT INTO public.supplies VALUES (16, 6, 9);
INSERT INTO public.supplies VALUES (125, 40, 11);
INSERT INTO public.supplies VALUES (98, 7, 7);
INSERT INTO public.supplies VALUES (116, 4, 14);
INSERT INTO public.supplies VALUES (99, 38, 14);
INSERT INTO public.supplies VALUES (46, 95, 5);
INSERT INTO public.supplies VALUES (29, 8, 18);
INSERT INTO public.supplies VALUES (153, 37, 5);
INSERT INTO public.supplies VALUES (99, 88, 18);
INSERT INTO public.supplies VALUES (55, 54, 8);
INSERT INTO public.supplies VALUES (153, 67, 16);
INSERT INTO public.supplies VALUES (200, 30, 6);
INSERT INTO public.supplies VALUES (139, 65, 18);
INSERT INTO public.supplies VALUES (158, 1, 16);
INSERT INTO public.supplies VALUES (126, 60, 13);
INSERT INTO public.supplies VALUES (151, 27, 20);
INSERT INTO public.supplies VALUES (71, 33, 6);
INSERT INTO public.supplies VALUES (159, 80, 19);
INSERT INTO public.supplies VALUES (169, 3, 11);
INSERT INTO public.supplies VALUES (56, 43, 7);
INSERT INTO public.supplies VALUES (125, 57, 6);
INSERT INTO public.supplies VALUES (71, 53, 20);
INSERT INTO public.supplies VALUES (175, 28, 15);
INSERT INTO public.supplies VALUES (12, 19, 16);
INSERT INTO public.supplies VALUES (79, 89, 10);
INSERT INTO public.supplies VALUES (75, 12, 14);
INSERT INTO public.supplies VALUES (170, 55, 18);
INSERT INTO public.supplies VALUES (80, 72, 9);
INSERT INTO public.supplies VALUES (118, 57, 18);
INSERT INTO public.supplies VALUES (135, 31, 8);
INSERT INTO public.supplies VALUES (53, 22, 20);
INSERT INTO public.supplies VALUES (55, 64, 18);
INSERT INTO public.supplies VALUES (110, 81, 13);
INSERT INTO public.supplies VALUES (111, 74, 17);
INSERT INTO public.supplies VALUES (183, 66, 9);
INSERT INTO public.supplies VALUES (47, 22, 13);
INSERT INTO public.supplies VALUES (12, 73, 12);
INSERT INTO public.supplies VALUES (179, 88, 16);
INSERT INTO public.supplies VALUES (40, 49, 8);
INSERT INTO public.supplies VALUES (129, 22, 10);
INSERT INTO public.supplies VALUES (138, 31, 14);
INSERT INTO public.supplies VALUES (199, 22, 12);
INSERT INTO public.supplies VALUES (42, 50, 19);
INSERT INTO public.supplies VALUES (121, 1, 11);
INSERT INTO public.supplies VALUES (97, 92, 11);
INSERT INTO public.supplies VALUES (152, 2, 15);
INSERT INTO public.supplies VALUES (62, 90, 17);
INSERT INTO public.supplies VALUES (149, 2, 18);
INSERT INTO public.supplies VALUES (43, 31, 10);
INSERT INTO public.supplies VALUES (29, 78, 8);
INSERT INTO public.supplies VALUES (82, 29, 7);
INSERT INTO public.supplies VALUES (122, 3, 6);
INSERT INTO public.supplies VALUES (140, 36, 16);
INSERT INTO public.supplies VALUES (133, 90, 9);
INSERT INTO public.supplies VALUES (21, 87, 7);
INSERT INTO public.supplies VALUES (89, 88, 17);
INSERT INTO public.supplies VALUES (142, 95, 10);
INSERT INTO public.supplies VALUES (78, 10, 9);
INSERT INTO public.supplies VALUES (142, 89, 16);
INSERT INTO public.supplies VALUES (69, 64, 19);
INSERT INTO public.supplies VALUES (9, 51, 19);
INSERT INTO public.supplies VALUES (26, 16, 6);
INSERT INTO public.supplies VALUES (113, 52, 13);
INSERT INTO public.supplies VALUES (70, 95, 16);
INSERT INTO public.supplies VALUES (197, 59, 9);
INSERT INTO public.supplies VALUES (35, 56, 17);
INSERT INTO public.supplies VALUES (145, 26, 15);
INSERT INTO public.supplies VALUES (84, 74, 20);
INSERT INTO public.supplies VALUES (118, 93, 8);
INSERT INTO public.supplies VALUES (35, 81, 12);
INSERT INTO public.supplies VALUES (35, 14, 16);
INSERT INTO public.supplies VALUES (97, 9, 16);
INSERT INTO public.supplies VALUES (5, 2, 15);
INSERT INTO public.supplies VALUES (195, 87, 18);
INSERT INTO public.supplies VALUES (43, 10, 18);
INSERT INTO public.supplies VALUES (155, 88, 18);
INSERT INTO public.supplies VALUES (116, 10, 6);
INSERT INTO public.supplies VALUES (146, 65, 12);
INSERT INTO public.supplies VALUES (54, 60, 9);
INSERT INTO public.supplies VALUES (45, 5, 18);
INSERT INTO public.supplies VALUES (133, 58, 18);
INSERT INTO public.supplies VALUES (29, 53, 14);
INSERT INTO public.supplies VALUES (196, 41, 8);
INSERT INTO public.supplies VALUES (6, 76, 15);
INSERT INTO public.supplies VALUES (157, 61, 17);
INSERT INTO public.supplies VALUES (193, 72, 20);
INSERT INTO public.supplies VALUES (91, 5, 11);
INSERT INTO public.supplies VALUES (4, 99, 20);
INSERT INTO public.supplies VALUES (63, 26, 14);
INSERT INTO public.supplies VALUES (32, 89, 17);
INSERT INTO public.supplies VALUES (143, 5, 16);
INSERT INTO public.supplies VALUES (71, 6, 18);
INSERT INTO public.supplies VALUES (4, 61, 6);
INSERT INTO public.supplies VALUES (112, 81, 11);
INSERT INTO public.supplies VALUES (2, 52, 14);
INSERT INTO public.supplies VALUES (31, 48, 18);
INSERT INTO public.supplies VALUES (148, 19, 20);
INSERT INTO public.supplies VALUES (36, 25, 14);
INSERT INTO public.supplies VALUES (68, 17, 17);
INSERT INTO public.supplies VALUES (143, 89, 6);
INSERT INTO public.supplies VALUES (195, 39, 9);
INSERT INTO public.supplies VALUES (108, 19, 6);
INSERT INTO public.supplies VALUES (18, 39, 10);
INSERT INTO public.supplies VALUES (103, 11, 16);
INSERT INTO public.supplies VALUES (125, 97, 19);
INSERT INTO public.supplies VALUES (17, 16, 10);
INSERT INTO public.supplies VALUES (124, 13, 7);
INSERT INTO public.supplies VALUES (188, 84, 11);
INSERT INTO public.supplies VALUES (110, 60, 12);
INSERT INTO public.supplies VALUES (27, 19, 14);
INSERT INTO public.supplies VALUES (129, 5, 20);
INSERT INTO public.supplies VALUES (49, 61, 17);
INSERT INTO public.supplies VALUES (33, 11, 20);
INSERT INTO public.supplies VALUES (115, 38, 8);
INSERT INTO public.supplies VALUES (16, 26, 12);
INSERT INTO public.supplies VALUES (185, 77, 18);
INSERT INTO public.supplies VALUES (72, 93, 18);
INSERT INTO public.supplies VALUES (125, 25, 10);
INSERT INTO public.supplies VALUES (26, 57, 8);
INSERT INTO public.supplies VALUES (67, 58, 20);
INSERT INTO public.supplies VALUES (23, 51, 18);
INSERT INTO public.supplies VALUES (93, 29, 20);
INSERT INTO public.supplies VALUES (17, 72, 16);
INSERT INTO public.supplies VALUES (144, 70, 9);
INSERT INTO public.supplies VALUES (93, 5, 8);
INSERT INTO public.supplies VALUES (31, 49, 6);
INSERT INTO public.supplies VALUES (114, 4, 15);
INSERT INTO public.supplies VALUES (179, 13, 11);
INSERT INTO public.supplies VALUES (72, 13, 5);
INSERT INTO public.supplies VALUES (22, 10, 18);
INSERT INTO public.supplies VALUES (108, 9, 18);
INSERT INTO public.supplies VALUES (168, 73, 5);
INSERT INTO public.supplies VALUES (164, 45, 18);
INSERT INTO public.supplies VALUES (45, 36, 9);
INSERT INTO public.supplies VALUES (115, 74, 20);
INSERT INTO public.supplies VALUES (136, 26, 18);
INSERT INTO public.supplies VALUES (195, 12, 5);
INSERT INTO public.supplies VALUES (199, 35, 20);
INSERT INTO public.supplies VALUES (161, 64, 10);
INSERT INTO public.supplies VALUES (104, 30, 6);
INSERT INTO public.supplies VALUES (143, 64, 5);
INSERT INTO public.supplies VALUES (56, 56, 14);
INSERT INTO public.supplies VALUES (86, 55, 20);
INSERT INTO public.supplies VALUES (151, 1, 12);
INSERT INTO public.supplies VALUES (56, 33, 10);
INSERT INTO public.supplies VALUES (138, 7, 8);
INSERT INTO public.supplies VALUES (49, 60, 8);
INSERT INTO public.supplies VALUES (69, 47, 20);
INSERT INTO public.supplies VALUES (28, 97, 11);
INSERT INTO public.supplies VALUES (41, 74, 7);
INSERT INTO public.supplies VALUES (20, 25, 11);
INSERT INTO public.supplies VALUES (131, 49, 9);
INSERT INTO public.supplies VALUES (1, 51, 8);
INSERT INTO public.supplies VALUES (13, 7, 10);
INSERT INTO public.supplies VALUES (103, 36, 13);
INSERT INTO public.supplies VALUES (117, 25, 14);
INSERT INTO public.supplies VALUES (58, 16, 20);
INSERT INTO public.supplies VALUES (87, 94, 9);
INSERT INTO public.supplies VALUES (51, 43, 8);
INSERT INTO public.supplies VALUES (195, 38, 14);
INSERT INTO public.supplies VALUES (148, 73, 6);
INSERT INTO public.supplies VALUES (137, 69, 5);
INSERT INTO public.supplies VALUES (99, 22, 14);
INSERT INTO public.supplies VALUES (118, 82, 15);
INSERT INTO public.supplies VALUES (45, 7, 9);
INSERT INTO public.supplies VALUES (16, 96, 19);
INSERT INTO public.supplies VALUES (25, 66, 8);
INSERT INTO public.supplies VALUES (181, 89, 20);
INSERT INTO public.supplies VALUES (93, 70, 9);
INSERT INTO public.supplies VALUES (189, 73, 13);
INSERT INTO public.supplies VALUES (9, 19, 11);
INSERT INTO public.supplies VALUES (90, 71, 15);
INSERT INTO public.supplies VALUES (55, 75, 5);
INSERT INTO public.supplies VALUES (155, 93, 11);
INSERT INTO public.supplies VALUES (55, 90, 11);
INSERT INTO public.supplies VALUES (101, 45, 7);
INSERT INTO public.supplies VALUES (58, 45, 16);
INSERT INTO public.supplies VALUES (138, 38, 10);
INSERT INTO public.supplies VALUES (37, 17, 16);
INSERT INTO public.supplies VALUES (136, 43, 10);
INSERT INTO public.supplies VALUES (25, 21, 17);
INSERT INTO public.supplies VALUES (30, 12, 9);
INSERT INTO public.supplies VALUES (1, 36, 17);
INSERT INTO public.supplies VALUES (38, 17, 12);
INSERT INTO public.supplies VALUES (138, 1, 6);
INSERT INTO public.supplies VALUES (135, 55, 19);
INSERT INTO public.supplies VALUES (31, 100, 13);
INSERT INTO public.supplies VALUES (103, 83, 9);
INSERT INTO public.supplies VALUES (69, 16, 13);
INSERT INTO public.supplies VALUES (47, 5, 17);
INSERT INTO public.supplies VALUES (49, 13, 8);
INSERT INTO public.supplies VALUES (30, 3, 11);
INSERT INTO public.supplies VALUES (126, 87, 8);
INSERT INTO public.supplies VALUES (6, 31, 8);
INSERT INTO public.supplies VALUES (66, 98, 11);
INSERT INTO public.supplies VALUES (145, 9, 6);
INSERT INTO public.supplies VALUES (183, 65, 20);
INSERT INTO public.supplies VALUES (86, 24, 7);
INSERT INTO public.supplies VALUES (57, 89, 12);
INSERT INTO public.supplies VALUES (171, 66, 18);
INSERT INTO public.supplies VALUES (192, 19, 17);
INSERT INTO public.supplies VALUES (136, 80, 16);
INSERT INTO public.supplies VALUES (174, 2, 12);
INSERT INTO public.supplies VALUES (21, 13, 8);
INSERT INTO public.supplies VALUES (45, 27, 14);
INSERT INTO public.supplies VALUES (99, 93, 5);
INSERT INTO public.supplies VALUES (91, 47, 14);
INSERT INTO public.supplies VALUES (142, 10, 17);
INSERT INTO public.supplies VALUES (26, 84, 20);
INSERT INTO public.supplies VALUES (161, 28, 7);
INSERT INTO public.supplies VALUES (31, 13, 7);
INSERT INTO public.supplies VALUES (111, 70, 16);
INSERT INTO public.supplies VALUES (35, 37, 20);
INSERT INTO public.supplies VALUES (21, 63, 10);
INSERT INTO public.supplies VALUES (101, 38, 12);
INSERT INTO public.supplies VALUES (169, 73, 11);
INSERT INTO public.supplies VALUES (52, 12, 7);
INSERT INTO public.supplies VALUES (40, 47, 5);
INSERT INTO public.supplies VALUES (28, 80, 9);
INSERT INTO public.supplies VALUES (165, 22, 13);
INSERT INTO public.supplies VALUES (96, 93, 13);
INSERT INTO public.supplies VALUES (91, 19, 13);
INSERT INTO public.supplies VALUES (126, 65, 18);
INSERT INTO public.supplies VALUES (22, 49, 7);
INSERT INTO public.supplies VALUES (94, 42, 17);
INSERT INTO public.supplies VALUES (172, 15, 7);
INSERT INTO public.supplies VALUES (81, 11, 13);
INSERT INTO public.supplies VALUES (43, 44, 8);
INSERT INTO public.supplies VALUES (176, 46, 16);
INSERT INTO public.supplies VALUES (44, 100, 9);
INSERT INTO public.supplies VALUES (71, 44, 18);
INSERT INTO public.supplies VALUES (78, 36, 16);
INSERT INTO public.supplies VALUES (148, 93, 16);
INSERT INTO public.supplies VALUES (176, 70, 12);
INSERT INTO public.supplies VALUES (99, 82, 12);
INSERT INTO public.supplies VALUES (128, 68, 20);
INSERT INTO public.supplies VALUES (46, 47, 10);
INSERT INTO public.supplies VALUES (55, 98, 15);
INSERT INTO public.supplies VALUES (49, 9, 8);
INSERT INTO public.supplies VALUES (147, 37, 18);
INSERT INTO public.supplies VALUES (173, 4, 13);
INSERT INTO public.supplies VALUES (41, 79, 6);
INSERT INTO public.supplies VALUES (167, 39, 16);
INSERT INTO public.supplies VALUES (91, 89, 15);
INSERT INTO public.supplies VALUES (141, 61, 9);
INSERT INTO public.supplies VALUES (97, 99, 18);
INSERT INTO public.supplies VALUES (132, 82, 20);
INSERT INTO public.supplies VALUES (121, 17, 18);
INSERT INTO public.supplies VALUES (189, 74, 16);
INSERT INTO public.supplies VALUES (119, 44, 8);
INSERT INTO public.supplies VALUES (168, 81, 5);
INSERT INTO public.supplies VALUES (102, 91, 16);
INSERT INTO public.supplies VALUES (80, 15, 16);
INSERT INTO public.supplies VALUES (27, 76, 13);
INSERT INTO public.supplies VALUES (2, 8, 12);
INSERT INTO public.supplies VALUES (72, 27, 8);
INSERT INTO public.supplies VALUES (54, 54, 20);
INSERT INTO public.supplies VALUES (42, 12, 12);
INSERT INTO public.supplies VALUES (23, 75, 8);
INSERT INTO public.supplies VALUES (16, 1, 13);
INSERT INTO public.supplies VALUES (95, 84, 13);
INSERT INTO public.supplies VALUES (61, 15, 10);
INSERT INTO public.supplies VALUES (119, 68, 18);
INSERT INTO public.supplies VALUES (124, 70, 18);
INSERT INTO public.supplies VALUES (14, 19, 20);
INSERT INTO public.supplies VALUES (173, 62, 19);
INSERT INTO public.supplies VALUES (178, 18, 14);
INSERT INTO public.supplies VALUES (92, 83, 9);
INSERT INTO public.supplies VALUES (176, 92, 13);
INSERT INTO public.supplies VALUES (9, 78, 17);
INSERT INTO public.supplies VALUES (196, 91, 20);
INSERT INTO public.supplies VALUES (142, 56, 10);
INSERT INTO public.supplies VALUES (103, 30, 5);
INSERT INTO public.supplies VALUES (155, 33, 7);
INSERT INTO public.supplies VALUES (22, 51, 15);
INSERT INTO public.supplies VALUES (157, 23, 12);
INSERT INTO public.supplies VALUES (57, 16, 7);
INSERT INTO public.supplies VALUES (173, 93, 10);
INSERT INTO public.supplies VALUES (28, 81, 16);
INSERT INTO public.supplies VALUES (23, 28, 18);
INSERT INTO public.supplies VALUES (172, 89, 15);
INSERT INTO public.supplies VALUES (131, 22, 5);
INSERT INTO public.supplies VALUES (12, 9, 12);
INSERT INTO public.supplies VALUES (37, 57, 12);
INSERT INTO public.supplies VALUES (148, 7, 10);
INSERT INTO public.supplies VALUES (176, 15, 13);
INSERT INTO public.supplies VALUES (51, 66, 11);
INSERT INTO public.supplies VALUES (102, 22, 19);
INSERT INTO public.supplies VALUES (87, 93, 10);
INSERT INTO public.supplies VALUES (83, 86, 13);
INSERT INTO public.supplies VALUES (94, 74, 6);
INSERT INTO public.supplies VALUES (36, 32, 12);
INSERT INTO public.supplies VALUES (200, 24, 20);
INSERT INTO public.supplies VALUES (148, 10, 5);
INSERT INTO public.supplies VALUES (162, 69, 8);
INSERT INTO public.supplies VALUES (68, 61, 11);
INSERT INTO public.supplies VALUES (29, 91, 15);
INSERT INTO public.supplies VALUES (150, 68, 6);
INSERT INTO public.supplies VALUES (15, 85, 9);
INSERT INTO public.supplies VALUES (121, 27, 20);
INSERT INTO public.supplies VALUES (124, 40, 6);
INSERT INTO public.supplies VALUES (199, 64, 19);
INSERT INTO public.supplies VALUES (151, 40, 16);
INSERT INTO public.supplies VALUES (58, 60, 7);
INSERT INTO public.supplies VALUES (200, 60, 17);
INSERT INTO public.supplies VALUES (141, 73, 14);
INSERT INTO public.supplies VALUES (90, 29, 19);
INSERT INTO public.supplies VALUES (19, 79, 9);
INSERT INTO public.supplies VALUES (95, 99, 12);
INSERT INTO public.supplies VALUES (77, 44, 17);
INSERT INTO public.supplies VALUES (24, 49, 9);
INSERT INTO public.supplies VALUES (155, 39, 16);
INSERT INTO public.supplies VALUES (169, 86, 10);
INSERT INTO public.supplies VALUES (107, 11, 8);
INSERT INTO public.supplies VALUES (1, 15, 9);
INSERT INTO public.supplies VALUES (41, 73, 20);
INSERT INTO public.supplies VALUES (132, 96, 14);
INSERT INTO public.supplies VALUES (67, 72, 6);
INSERT INTO public.supplies VALUES (63, 41, 15);
INSERT INTO public.supplies VALUES (101, 56, 15);
INSERT INTO public.supplies VALUES (55, 96, 14);
INSERT INTO public.supplies VALUES (186, 7, 18);
INSERT INTO public.supplies VALUES (65, 27, 15);
INSERT INTO public.supplies VALUES (57, 2, 9);
INSERT INTO public.supplies VALUES (118, 34, 19);
INSERT INTO public.supplies VALUES (149, 89, 19);
INSERT INTO public.supplies VALUES (118, 43, 14);
INSERT INTO public.supplies VALUES (163, 16, 17);
INSERT INTO public.supplies VALUES (100, 32, 5);
INSERT INTO public.supplies VALUES (188, 90, 5);
INSERT INTO public.supplies VALUES (194, 71, 12);
INSERT INTO public.supplies VALUES (116, 83, 16);
INSERT INTO public.supplies VALUES (20, 74, 15);
INSERT INTO public.supplies VALUES (140, 98, 17);
INSERT INTO public.supplies VALUES (161, 56, 11);
INSERT INTO public.supplies VALUES (70, 54, 5);
INSERT INTO public.supplies VALUES (109, 88, 6);
INSERT INTO public.supplies VALUES (122, 25, 9);
INSERT INTO public.supplies VALUES (136, 3, 14);
INSERT INTO public.supplies VALUES (78, 21, 17);
INSERT INTO public.supplies VALUES (41, 74, 18);
INSERT INTO public.supplies VALUES (80, 65, 16);
INSERT INTO public.supplies VALUES (158, 94, 11);
INSERT INTO public.supplies VALUES (112, 47, 10);
INSERT INTO public.supplies VALUES (76, 15, 6);
INSERT INTO public.supplies VALUES (76, 55, 10);
INSERT INTO public.supplies VALUES (41, 30, 8);
INSERT INTO public.supplies VALUES (2, 16, 9);
INSERT INTO public.supplies VALUES (165, 69, 8);
INSERT INTO public.supplies VALUES (52, 69, 20);
INSERT INTO public.supplies VALUES (17, 84, 16);
INSERT INTO public.supplies VALUES (104, 58, 18);
INSERT INTO public.supplies VALUES (70, 64, 10);
INSERT INTO public.supplies VALUES (13, 57, 6);
INSERT INTO public.supplies VALUES (154, 83, 20);
INSERT INTO public.supplies VALUES (183, 29, 19);
INSERT INTO public.supplies VALUES (118, 61, 11);
INSERT INTO public.supplies VALUES (36, 31, 10);
INSERT INTO public.supplies VALUES (68, 85, 11);
INSERT INTO public.supplies VALUES (65, 65, 11);
INSERT INTO public.supplies VALUES (97, 70, 17);
INSERT INTO public.supplies VALUES (191, 67, 13);
INSERT INTO public.supplies VALUES (182, 55, 11);
INSERT INTO public.supplies VALUES (168, 93, 7);
INSERT INTO public.supplies VALUES (40, 43, 14);
INSERT INTO public.supplies VALUES (83, 37, 20);
INSERT INTO public.supplies VALUES (104, 81, 19);
INSERT INTO public.supplies VALUES (170, 8, 14);
INSERT INTO public.supplies VALUES (36, 20, 9);
INSERT INTO public.supplies VALUES (1, 33, 17);
INSERT INTO public.supplies VALUES (155, 78, 13);
INSERT INTO public.supplies VALUES (146, 56, 6);
INSERT INTO public.supplies VALUES (186, 28, 18);
INSERT INTO public.supplies VALUES (123, 61, 5);
INSERT INTO public.supplies VALUES (74, 29, 16);
INSERT INTO public.supplies VALUES (30, 69, 11);
INSERT INTO public.supplies VALUES (25, 74, 19);
INSERT INTO public.supplies VALUES (194, 40, 11);
INSERT INTO public.supplies VALUES (173, 40, 9);
INSERT INTO public.supplies VALUES (66, 35, 13);
INSERT INTO public.supplies VALUES (25, 81, 11);
INSERT INTO public.supplies VALUES (9, 1, 19);
INSERT INTO public.supplies VALUES (143, 90, 13);
INSERT INTO public.supplies VALUES (168, 81, 16);
INSERT INTO public.supplies VALUES (159, 95, 7);
INSERT INTO public.supplies VALUES (60, 74, 17);
INSERT INTO public.supplies VALUES (141, 4, 14);
INSERT INTO public.supplies VALUES (111, 87, 12);
INSERT INTO public.supplies VALUES (49, 27, 18);
INSERT INTO public.supplies VALUES (70, 2, 10);
INSERT INTO public.supplies VALUES (191, 32, 7);
INSERT INTO public.supplies VALUES (28, 63, 13);
INSERT INTO public.supplies VALUES (199, 56, 8);
INSERT INTO public.supplies VALUES (198, 50, 11);
INSERT INTO public.supplies VALUES (172, 62, 12);
INSERT INTO public.supplies VALUES (67, 79, 11);
INSERT INTO public.supplies VALUES (109, 43, 12);
INSERT INTO public.supplies VALUES (67, 13, 17);
INSERT INTO public.supplies VALUES (33, 98, 8);
INSERT INTO public.supplies VALUES (67, 20, 14);
INSERT INTO public.supplies VALUES (189, 100, 7);
INSERT INTO public.supplies VALUES (139, 19, 12);
INSERT INTO public.supplies VALUES (75, 44, 5);
INSERT INTO public.supplies VALUES (3, 60, 16);
INSERT INTO public.supplies VALUES (173, 79, 16);
INSERT INTO public.supplies VALUES (154, 60, 5);
INSERT INTO public.supplies VALUES (187, 47, 15);
INSERT INTO public.supplies VALUES (58, 99, 15);
INSERT INTO public.supplies VALUES (49, 99, 13);
INSERT INTO public.supplies VALUES (120, 9, 15);
INSERT INTO public.supplies VALUES (124, 25, 20);
INSERT INTO public.supplies VALUES (101, 56, 19);
INSERT INTO public.supplies VALUES (64, 94, 16);
INSERT INTO public.supplies VALUES (121, 44, 8);
INSERT INTO public.supplies VALUES (117, 90, 10);
INSERT INTO public.supplies VALUES (90, 55, 5);
INSERT INTO public.supplies VALUES (165, 75, 17);
INSERT INTO public.supplies VALUES (181, 38, 17);
INSERT INTO public.supplies VALUES (46, 55, 20);
INSERT INTO public.supplies VALUES (109, 76, 20);
INSERT INTO public.supplies VALUES (23, 24, 19);
INSERT INTO public.supplies VALUES (169, 37, 9);
INSERT INTO public.supplies VALUES (181, 74, 7);
INSERT INTO public.supplies VALUES (178, 24, 11);
INSERT INTO public.supplies VALUES (29, 12, 18);
INSERT INTO public.supplies VALUES (124, 16, 12);
INSERT INTO public.supplies VALUES (197, 19, 18);
INSERT INTO public.supplies VALUES (131, 27, 19);
INSERT INTO public.supplies VALUES (124, 53, 20);
INSERT INTO public.supplies VALUES (114, 51, 16);
INSERT INTO public.supplies VALUES (30, 24, 20);
INSERT INTO public.supplies VALUES (163, 73, 16);
INSERT INTO public.supplies VALUES (66, 99, 10);
INSERT INTO public.supplies VALUES (196, 43, 5);
INSERT INTO public.supplies VALUES (39, 51, 12);
INSERT INTO public.supplies VALUES (17, 96, 15);
INSERT INTO public.supplies VALUES (199, 40, 13);
INSERT INTO public.supplies VALUES (97, 60, 12);
INSERT INTO public.supplies VALUES (161, 58, 8);
INSERT INTO public.supplies VALUES (185, 34, 18);
INSERT INTO public.supplies VALUES (68, 85, 17);
INSERT INTO public.supplies VALUES (176, 24, 12);
INSERT INTO public.supplies VALUES (109, 76, 8);
INSERT INTO public.supplies VALUES (126, 64, 15);
INSERT INTO public.supplies VALUES (142, 56, 18);
INSERT INTO public.supplies VALUES (195, 66, 6);
INSERT INTO public.supplies VALUES (6, 70, 18);
INSERT INTO public.supplies VALUES (74, 7, 8);
INSERT INTO public.supplies VALUES (66, 47, 9);
INSERT INTO public.supplies VALUES (7, 93, 8);
INSERT INTO public.supplies VALUES (57, 33, 19);
INSERT INTO public.supplies VALUES (11, 45, 13);
INSERT INTO public.supplies VALUES (175, 20, 18);
INSERT INTO public.supplies VALUES (53, 17, 19);
INSERT INTO public.supplies VALUES (30, 51, 6);
INSERT INTO public.supplies VALUES (53, 90, 17);
INSERT INTO public.supplies VALUES (165, 40, 20);
INSERT INTO public.supplies VALUES (51, 68, 13);
INSERT INTO public.supplies VALUES (102, 6, 8);
INSERT INTO public.supplies VALUES (44, 55, 9);
INSERT INTO public.supplies VALUES (75, 61, 17);
INSERT INTO public.supplies VALUES (177, 75, 7);
INSERT INTO public.supplies VALUES (52, 73, 10);
INSERT INTO public.supplies VALUES (32, 41, 8);
INSERT INTO public.supplies VALUES (178, 49, 17);
INSERT INTO public.supplies VALUES (16, 76, 20);
INSERT INTO public.supplies VALUES (91, 56, 11);
INSERT INTO public.supplies VALUES (104, 12, 6);
INSERT INTO public.supplies VALUES (159, 92, 11);
INSERT INTO public.supplies VALUES (14, 77, 13);
INSERT INTO public.supplies VALUES (185, 92, 6);
INSERT INTO public.supplies VALUES (60, 78, 7);
INSERT INTO public.supplies VALUES (98, 23, 20);
INSERT INTO public.supplies VALUES (192, 53, 14);
INSERT INTO public.supplies VALUES (60, 7, 16);
INSERT INTO public.supplies VALUES (31, 56, 16);
INSERT INTO public.supplies VALUES (22, 11, 8);
INSERT INTO public.supplies VALUES (108, 88, 11);
INSERT INTO public.supplies VALUES (183, 25, 8);
INSERT INTO public.supplies VALUES (142, 21, 17);
INSERT INTO public.supplies VALUES (159, 35, 17);
INSERT INTO public.supplies VALUES (129, 31, 5);
INSERT INTO public.supplies VALUES (108, 63, 17);
INSERT INTO public.supplies VALUES (131, 68, 5);
INSERT INTO public.supplies VALUES (3, 53, 9);
INSERT INTO public.supplies VALUES (184, 86, 15);
INSERT INTO public.supplies VALUES (187, 42, 10);
INSERT INTO public.supplies VALUES (101, 65, 12);
INSERT INTO public.supplies VALUES (72, 94, 16);
INSERT INTO public.supplies VALUES (189, 49, 5);
INSERT INTO public.supplies VALUES (136, 76, 12);
INSERT INTO public.supplies VALUES (84, 56, 19);
INSERT INTO public.supplies VALUES (16, 37, 14);
INSERT INTO public.supplies VALUES (184, 62, 6);
INSERT INTO public.supplies VALUES (72, 59, 15);
INSERT INTO public.supplies VALUES (46, 62, 6);
INSERT INTO public.supplies VALUES (57, 33, 8);
INSERT INTO public.supplies VALUES (168, 33, 11);
INSERT INTO public.supplies VALUES (24, 88, 19);
INSERT INTO public.supplies VALUES (30, 88, 12);
INSERT INTO public.supplies VALUES (33, 92, 15);
INSERT INTO public.supplies VALUES (79, 77, 8);
INSERT INTO public.supplies VALUES (125, 1, 7);
INSERT INTO public.supplies VALUES (8, 25, 12);
INSERT INTO public.supplies VALUES (146, 60, 17);
INSERT INTO public.supplies VALUES (186, 92, 13);
INSERT INTO public.supplies VALUES (145, 97, 16);
INSERT INTO public.supplies VALUES (115, 79, 19);
INSERT INTO public.supplies VALUES (156, 53, 19);
INSERT INTO public.supplies VALUES (102, 22, 10);
INSERT INTO public.supplies VALUES (77, 24, 19);
INSERT INTO public.supplies VALUES (66, 47, 8);
INSERT INTO public.supplies VALUES (70, 84, 11);
INSERT INTO public.supplies VALUES (22, 62, 19);
INSERT INTO public.supplies VALUES (31, 40, 14);
INSERT INTO public.supplies VALUES (31, 18, 9);
INSERT INTO public.supplies VALUES (3, 19, 6);
INSERT INTO public.supplies VALUES (194, 45, 19);
INSERT INTO public.supplies VALUES (22, 44, 14);
INSERT INTO public.supplies VALUES (182, 73, 6);
INSERT INTO public.supplies VALUES (1, 37, 13);
INSERT INTO public.supplies VALUES (177, 53, 5);
INSERT INTO public.supplies VALUES (153, 43, 15);
INSERT INTO public.supplies VALUES (68, 36, 11);
INSERT INTO public.supplies VALUES (161, 34, 11);
INSERT INTO public.supplies VALUES (50, 3, 11);
INSERT INTO public.supplies VALUES (40, 21, 17);
INSERT INTO public.supplies VALUES (112, 51, 7);
INSERT INTO public.supplies VALUES (16, 44, 8);
INSERT INTO public.supplies VALUES (57, 86, 20);
INSERT INTO public.supplies VALUES (103, 2, 18);
INSERT INTO public.supplies VALUES (158, 65, 20);
INSERT INTO public.supplies VALUES (156, 22, 18);
INSERT INTO public.supplies VALUES (24, 4, 14);
INSERT INTO public.supplies VALUES (18, 14, 14);
INSERT INTO public.supplies VALUES (168, 48, 7);
INSERT INTO public.supplies VALUES (123, 35, 5);
INSERT INTO public.supplies VALUES (83, 85, 17);
INSERT INTO public.supplies VALUES (12, 53, 12);
INSERT INTO public.supplies VALUES (96, 32, 7);
INSERT INTO public.supplies VALUES (63, 83, 18);
INSERT INTO public.supplies VALUES (95, 50, 12);
INSERT INTO public.supplies VALUES (126, 47, 9);
INSERT INTO public.supplies VALUES (167, 80, 8);
INSERT INTO public.supplies VALUES (70, 14, 5);
INSERT INTO public.supplies VALUES (21, 63, 13);
INSERT INTO public.supplies VALUES (127, 98, 16);
INSERT INTO public.supplies VALUES (46, 86, 20);
INSERT INTO public.supplies VALUES (32, 2, 13);
INSERT INTO public.supplies VALUES (140, 54, 15);
INSERT INTO public.supplies VALUES (37, 14, 16);
INSERT INTO public.supplies VALUES (134, 85, 6);
INSERT INTO public.supplies VALUES (120, 29, 13);
INSERT INTO public.supplies VALUES (124, 31, 7);
INSERT INTO public.supplies VALUES (31, 29, 8);
INSERT INTO public.supplies VALUES (186, 87, 18);
INSERT INTO public.supplies VALUES (73, 81, 16);
INSERT INTO public.supplies VALUES (130, 23, 7);
INSERT INTO public.supplies VALUES (71, 52, 9);
INSERT INTO public.supplies VALUES (146, 16, 17);
INSERT INTO public.supplies VALUES (93, 41, 14);
INSERT INTO public.supplies VALUES (87, 55, 20);
INSERT INTO public.supplies VALUES (19, 75, 14);
INSERT INTO public.supplies VALUES (5, 80, 20);
INSERT INTO public.supplies VALUES (107, 98, 15);
INSERT INTO public.supplies VALUES (62, 50, 5);
INSERT INTO public.supplies VALUES (181, 67, 20);
INSERT INTO public.supplies VALUES (142, 43, 12);
INSERT INTO public.supplies VALUES (188, 88, 20);
INSERT INTO public.supplies VALUES (6, 30, 10);
INSERT INTO public.supplies VALUES (68, 86, 7);
INSERT INTO public.supplies VALUES (86, 65, 20);
INSERT INTO public.supplies VALUES (55, 73, 10);
INSERT INTO public.supplies VALUES (135, 78, 18);
INSERT INTO public.supplies VALUES (77, 27, 8);
INSERT INTO public.supplies VALUES (98, 97, 19);
INSERT INTO public.supplies VALUES (163, 40, 7);
INSERT INTO public.supplies VALUES (68, 82, 15);
INSERT INTO public.supplies VALUES (45, 93, 6);
INSERT INTO public.supplies VALUES (182, 61, 15);
INSERT INTO public.supplies VALUES (76, 97, 19);
INSERT INTO public.supplies VALUES (66, 14, 16);
INSERT INTO public.supplies VALUES (153, 25, 7);
INSERT INTO public.supplies VALUES (103, 5, 12);
INSERT INTO public.supplies VALUES (63, 33, 20);
INSERT INTO public.supplies VALUES (36, 7, 8);
INSERT INTO public.supplies VALUES (140, 68, 10);
INSERT INTO public.supplies VALUES (165, 57, 6);
INSERT INTO public.supplies VALUES (126, 44, 9);
INSERT INTO public.supplies VALUES (123, 8, 5);
INSERT INTO public.supplies VALUES (4, 74, 9);
INSERT INTO public.supplies VALUES (146, 53, 7);
INSERT INTO public.supplies VALUES (99, 46, 13);
INSERT INTO public.supplies VALUES (75, 56, 7);
INSERT INTO public.supplies VALUES (151, 64, 6);
INSERT INTO public.supplies VALUES (163, 95, 5);
INSERT INTO public.supplies VALUES (155, 83, 12);
INSERT INTO public.supplies VALUES (38, 79, 16);
INSERT INTO public.supplies VALUES (120, 58, 9);
INSERT INTO public.supplies VALUES (102, 95, 15);
INSERT INTO public.supplies VALUES (110, 98, 8);
INSERT INTO public.supplies VALUES (61, 77, 5);
INSERT INTO public.supplies VALUES (170, 17, 14);
INSERT INTO public.supplies VALUES (39, 42, 19);
INSERT INTO public.supplies VALUES (137, 64, 12);
INSERT INTO public.supplies VALUES (37, 51, 12);
INSERT INTO public.supplies VALUES (143, 59, 9);
INSERT INTO public.supplies VALUES (44, 90, 8);
INSERT INTO public.supplies VALUES (58, 24, 19);
INSERT INTO public.supplies VALUES (99, 35, 9);
INSERT INTO public.supplies VALUES (199, 27, 19);
INSERT INTO public.supplies VALUES (131, 100, 15);
INSERT INTO public.supplies VALUES (46, 3, 5);
INSERT INTO public.supplies VALUES (129, 43, 13);
INSERT INTO public.supplies VALUES (137, 93, 15);
INSERT INTO public.supplies VALUES (162, 48, 19);
INSERT INTO public.supplies VALUES (25, 92, 7);
INSERT INTO public.supplies VALUES (106, 16, 20);
INSERT INTO public.supplies VALUES (118, 12, 8);
INSERT INTO public.supplies VALUES (133, 36, 11);
INSERT INTO public.supplies VALUES (194, 24, 10);
INSERT INTO public.supplies VALUES (2, 64, 9);


--
-- TOC entry 3032 (class 2606 OID 16909)
-- Name: product Product_pkey; Type: CONSTRAINT; Schema: public; Owner: -
--

ALTER TABLE ONLY public.product
    ADD CONSTRAINT "Product_pkey" PRIMARY KEY (pid);


-- Completed on 2019-07-04 15:11:27 +11

--
-- PostgreSQL database dump complete
--

